[
{
  "model": "rendezvous.disponibilite",
  "pk": 1,
  "fields": {
    "jour": "lundi",
    "heure_debut": "09:00:00",
    "heure_fin": "12:00:00",
    "actif": true
  }
},
{
  "model": "rendezvous.disponibilite",
  "pk": 2,
  "fields": {
    "jour": "lundi",
    "heure_debut": "14:00:00",
    "heure_fin": "17:00:00",
    "actif": true
  }
},
{
  "model": "rendezvous.disponibilite",
  "pk": 3,
  "fields": {
    "jour": "mardi",
    "heure_debut": "09:00:00",
    "heure_fin": "12:00:00",
    "actif": true
  }
},
{
  "model": "rendezvous.disponibilite",
  "pk": 4,
  "fields": {
    "jour": "mercredi",
    "heure_debut": "09:00:00",
    "heure_fin": "12:00:00",
    "actif": true
  }
},
{
  "model": "rendezvous.disponibilite",
  "pk": 5,
  "fields": {
    "jour": "mercredi",
    "heure_debut": "14:00:00",
    "heure_fin": "17:00:00",
    "actif": true
  }
},
{
  "model": "rendezvous.disponibilite",
  "pk": 6,
  "fields": {
    "jour": "jeudi",
    "heure_debut": "09:00:00",
    "heure_fin": "12:00:00",
    "actif": true
  }
},
{
  "model": "rendezvous.disponibilite",
  "pk": 7,
  "fields": {
    "jour": "vendredi",
    "heure_debut": "09:00:00",
    "heure_fin": "12:00:00",
    "actif": true
  }
},
{
  "model": "rendezvous.disponibilite",
  "pk": 8,
  "fields": {
    "jour": "vendredi",
    "heure_debut": "14:00:00",
    "heure_fin": "16:00:00",
    "actif": true
  }
},
{
  "model": "rendezvous.rendezvous",
  "pk": 4,
  "fields": {
    "prenom": "Mourchid",
    "nom": "KARIMOU",
    "email": "mourchidkarimou4@gmail.com",
    "whatsapp": "+22952926779",
    "pays": "Bénin",
    "type_rdv": "decouverte",
    "mode": "en_ligne",
    "date": "2026-05-13",
    "heure": "09:00:00",
    "message": "oooo",
    "statut": "en_attente",
    "paiement_recu": false,
    "note_admin": "",
    "lien_reunion": "",
    "created_at": "2026-05-01T14:52:09.290Z"
  }
},
{
  "model": "live.salle",
  "pk": "145b5f1c-378b-4d2e-bc3f-737beb9b59ac",
  "fields": {
    "titre": "hup",
    "description": "osons",
    "hote": 1,
    "code_acces": "1234",
    "statut": "terminee",
    "max_participants": 100,
    "mode": "live",
    "enregistrement_actif": false,
    "daily_room_name": "",
    "lien_zoom": "",
    "created_at": "2026-04-17T12:04:34.600Z",
    "started_at": "2026-04-17T12:10:35.985Z",
    "ended_at": "2026-04-17T17:08:29.983Z"
  }
},
{
  "model": "live.salle",
  "pk": "2880e108-eb9c-4a2a-92fc-c79bd84c41eb",
  "fields": {
    "titre": "Masterclass",
    "description": "",
    "hote": 1,
    "code_acces": "",
    "statut": "terminee",
    "max_participants": 1000,
    "mode": "live",
    "enregistrement_actif": false,
    "daily_room_name": "",
    "lien_zoom": "",
    "created_at": "2026-04-13T12:54:11.685Z",
    "started_at": null,
    "ended_at": "2026-04-13T13:10:26.015Z"
  }
},
{
  "model": "live.salle",
  "pk": "2b78fa16-6774-4dd8-9dd2-8b9d6ec4ddd7",
  "fields": {
    "titre": "Masterclass",
    "description": "ose",
    "hote": 1,
    "code_acces": "",
    "statut": "terminee",
    "max_participants": 1000,
    "mode": "live",
    "enregistrement_actif": false,
    "daily_room_name": "",
    "lien_zoom": "",
    "created_at": "2026-04-13T12:57:08.676Z",
    "started_at": null,
    "ended_at": "2026-04-13T13:10:31.361Z"
  }
},
{
  "model": "live.salle",
  "pk": "35a073c8-401e-44ef-b45e-7f29a189c2bd",
  "fields": {
    "titre": "AMAZONE",
    "description": "OSE",
    "hote": 1,
    "code_acces": "",
    "statut": "terminee",
    "max_participants": 1000,
    "mode": "live",
    "enregistrement_actif": false,
    "daily_room_name": "",
    "lien_zoom": "",
    "created_at": "2026-04-14T03:04:49.489Z",
    "started_at": null,
    "ended_at": "2026-04-14T07:17:35.470Z"
  }
},
{
  "model": "live.salle",
  "pk": "3bcc4203-f991-432d-9515-dbcfea6f7783",
  "fields": {
    "titre": "MMM",
    "description": "",
    "hote": 1,
    "code_acces": "0000",
    "statut": "terminee",
    "max_participants": 1000,
    "mode": "reunion",
    "enregistrement_actif": false,
    "daily_room_name": "",
    "lien_zoom": "",
    "created_at": "2026-04-18T06:56:33.640Z",
    "started_at": "2026-04-18T06:57:03.491Z",
    "ended_at": "2026-04-18T07:32:43.744Z"
  }
},
{
  "model": "live.salle",
  "pk": "449b573b-fccd-497f-a3f0-8b7f9efb1323",
  "fields": {
    "titre": "PRO",
    "description": "",
    "hote": 1,
    "code_acces": "RL1WC3",
    "statut": "terminee",
    "max_participants": 1000,
    "mode": "live",
    "enregistrement_actif": false,
    "daily_room_name": "",
    "lien_zoom": "",
    "created_at": "2026-04-17T11:52:34.051Z",
    "started_at": null,
    "ended_at": "2026-04-17T17:08:39.753Z"
  }
},
{
  "model": "live.salle",
  "pk": "54731b5d-096b-4365-91fb-00a29665cd3f",
  "fields": {
    "titre": "LIVE",
    "description": "",
    "hote": 1,
    "code_acces": "0000",
    "statut": "terminee",
    "max_participants": 1000,
    "mode": "reunion",
    "enregistrement_actif": false,
    "daily_room_name": "",
    "lien_zoom": "",
    "created_at": "2026-04-18T06:30:40.778Z",
    "started_at": "2026-04-18T06:31:17.959Z",
    "ended_at": "2026-04-18T06:41:00.750Z"
  }
},
{
  "model": "live.salle",
  "pk": "61c8a6a2-8eea-42ff-a374-ece6019444d1",
  "fields": {
    "titre": "MASTERCLASS",
    "description": "OSEZ",
    "hote": 1,
    "code_acces": "7FC5FL",
    "statut": "terminee",
    "max_participants": 1000,
    "mode": "live",
    "enregistrement_actif": false,
    "daily_room_name": "",
    "lien_zoom": "",
    "created_at": "2026-04-17T11:38:07.579Z",
    "started_at": null,
    "ended_at": "2026-04-17T11:46:29.992Z"
  }
},
{
  "model": "live.salle",
  "pk": "8d3c64f7-38b5-42dd-a096-8e78216557a4",
  "fields": {
    "titre": "qqqq",
    "description": "",
    "hote": 1,
    "code_acces": "0000",
    "statut": "terminee",
    "max_participants": 1000,
    "mode": "reunion",
    "enregistrement_actif": false,
    "daily_room_name": "",
    "lien_zoom": "",
    "created_at": "2026-04-18T07:32:55.804Z",
    "started_at": "2026-04-18T07:33:13.380Z",
    "ended_at": "2026-04-26T13:46:35.999Z"
  }
},
{
  "model": "live.salle",
  "pk": "95f4cbc7-e813-4a50-bb78-bf938d8fca58",
  "fields": {
    "titre": "Masterclass ",
    "description": "OSE",
    "hote": 1,
    "code_acces": "",
    "statut": "terminee",
    "max_participants": 1000,
    "mode": "live",
    "enregistrement_actif": false,
    "daily_room_name": "",
    "lien_zoom": "",
    "created_at": "2026-04-14T02:40:39.488Z",
    "started_at": null,
    "ended_at": "2026-04-14T03:03:50.248Z"
  }
},
{
  "model": "live.salle",
  "pk": "9ce2c242-f296-4a6d-91ee-edf61ed5569e",
  "fields": {
    "titre": "LIVE OSE",
    "description": "MOM",
    "hote": 1,
    "code_acces": "WWH4PN",
    "statut": "terminee",
    "max_participants": 1000,
    "mode": "live",
    "enregistrement_actif": false,
    "daily_room_name": "",
    "lien_zoom": "",
    "created_at": "2026-04-17T11:46:55.334Z",
    "started_at": null,
    "ended_at": "2026-04-17T11:52:06.480Z"
  }
},
{
  "model": "live.salle",
  "pk": "9eb48a00-9434-497f-9de7-b2f47b48d80c",
  "fields": {
    "titre": "Master",
    "description": "Ose",
    "hote": 1,
    "code_acces": "",
    "statut": "terminee",
    "max_participants": 1000,
    "mode": "live",
    "enregistrement_actif": false,
    "daily_room_name": "",
    "lien_zoom": "",
    "created_at": "2026-04-13T13:04:08.778Z",
    "started_at": null,
    "ended_at": "2026-04-14T02:39:03.026Z"
  }
},
{
  "model": "live.salle",
  "pk": "b95d0857-f445-4e0e-a00e-bb258a1551c7",
  "fields": {
    "titre": "Master",
    "description": "hum",
    "hote": 1,
    "code_acces": "",
    "statut": "terminee",
    "max_participants": 1000,
    "mode": "live",
    "enregistrement_actif": false,
    "daily_room_name": "",
    "lien_zoom": "",
    "created_at": "2026-04-13T13:02:50.300Z",
    "started_at": null,
    "ended_at": "2026-04-13T13:10:39.535Z"
  }
},
{
  "model": "live.salle",
  "pk": "bb4dc7a6-49ea-41b0-8f7d-0f0a87eb7f1d",
  "fields": {
    "titre": "Master",
    "description": "hum",
    "hote": 1,
    "code_acces": "",
    "statut": "terminee",
    "max_participants": 1000,
    "mode": "reunion",
    "enregistrement_actif": false,
    "daily_room_name": "",
    "lien_zoom": "",
    "created_at": "2026-04-13T12:59:18.402Z",
    "started_at": null,
    "ended_at": "2026-04-13T13:10:35.355Z"
  }
},
{
  "model": "live.salle",
  "pk": "c2a1c9c6-74ef-40b0-bb38-2bbe7584a3ce",
  "fields": {
    "titre": "Essai",
    "description": "hu",
    "hote": 1,
    "code_acces": "",
    "statut": "terminee",
    "max_participants": 1000,
    "mode": "live",
    "enregistrement_actif": false,
    "daily_room_name": "",
    "lien_zoom": "",
    "created_at": "2026-04-13T13:03:18.509Z",
    "started_at": null,
    "ended_at": "2026-04-14T02:38:58.822Z"
  }
},
{
  "model": "live.salle",
  "pk": "c5cc55ed-4bee-4a53-bc02-79cd0d2138ba",
  "fields": {
    "titre": "OUI",
    "description": "",
    "hote": 1,
    "code_acces": "1234",
    "statut": "attente",
    "max_participants": 1000,
    "mode": "live",
    "enregistrement_actif": false,
    "daily_room_name": "mmo-2627e36c34f1",
    "lien_zoom": "",
    "created_at": "2026-04-26T14:10:52.514Z",
    "started_at": null,
    "ended_at": null
  }
},
{
  "model": "live.salle",
  "pk": "c83fe2cc-b372-4e95-a07a-5964e4eb0e6e",
  "fields": {
    "titre": "PULL",
    "description": "",
    "hote": 1,
    "code_acces": "0000",
    "statut": "terminee",
    "max_participants": 1000,
    "mode": "reunion",
    "enregistrement_actif": false,
    "daily_room_name": "",
    "lien_zoom": "",
    "created_at": "2026-04-18T06:41:30.915Z",
    "started_at": "2026-04-18T06:41:49.281Z",
    "ended_at": "2026-04-18T06:55:44.685Z"
  }
},
{
  "model": "live.salle",
  "pk": "f3475601-25cf-4b25-8ff8-349545e9f144",
  "fields": {
    "titre": "Mater",
    "description": "OSE",
    "hote": 1,
    "code_acces": "",
    "statut": "terminee",
    "max_participants": 1000,
    "mode": "live",
    "enregistrement_actif": false,
    "daily_room_name": "",
    "lien_zoom": "",
    "created_at": "2026-04-14T07:18:22.216Z",
    "started_at": "2026-04-17T11:35:33.355Z",
    "ended_at": "2026-04-17T11:37:43.438Z"
  }
},
{
  "model": "live.salle",
  "pk": "f821092e-4443-42cb-b740-a159d629be4f",
  "fields": {
    "titre": "OSEZ",
    "description": "OUI",
    "hote": 1,
    "code_acces": "0000",
    "statut": "terminee",
    "max_participants": 1000,
    "mode": "reunion",
    "enregistrement_actif": false,
    "daily_room_name": "mmo-be8135f558aa",
    "lien_zoom": "",
    "created_at": "2026-04-26T14:05:50.399Z",
    "started_at": null,
    "ended_at": "2026-04-26T14:10:38.986Z"
  }
},
{
  "model": "live.participant",
  "pk": 1,
  "fields": {
    "salle": "95f4cbc7-e813-4a50-bb78-bf938d8fca58",
    "user": null,
    "nom": "MK",
    "role": "participant",
    "rejoint_at": "2026-04-14T02:41:07.047Z",
    "quitte_at": null
  }
},
{
  "model": "live.participant",
  "pk": 2,
  "fields": {
    "salle": "95f4cbc7-e813-4a50-bb78-bf938d8fca58",
    "user": null,
    "nom": "PO",
    "role": "participant",
    "rejoint_at": "2026-04-14T02:42:01.755Z",
    "quitte_at": null
  }
},
{
  "model": "live.participant",
  "pk": 3,
  "fields": {
    "salle": "95f4cbc7-e813-4a50-bb78-bf938d8fca58",
    "user": null,
    "nom": "PO",
    "role": "participant",
    "rejoint_at": "2026-04-14T02:42:02.490Z",
    "quitte_at": null
  }
},
{
  "model": "live.participant",
  "pk": 4,
  "fields": {
    "salle": "95f4cbc7-e813-4a50-bb78-bf938d8fca58",
    "user": null,
    "nom": "Pa",
    "role": "participant",
    "rejoint_at": "2026-04-14T02:42:55.256Z",
    "quitte_at": null
  }
},
{
  "model": "live.participant",
  "pk": 5,
  "fields": {
    "salle": "95f4cbc7-e813-4a50-bb78-bf938d8fca58",
    "user": null,
    "nom": "Po",
    "role": "participant",
    "rejoint_at": "2026-04-14T02:45:14.110Z",
    "quitte_at": null
  }
},
{
  "model": "live.participant",
  "pk": 6,
  "fields": {
    "salle": "35a073c8-401e-44ef-b45e-7f29a189c2bd",
    "user": null,
    "nom": "Ad",
    "role": "participant",
    "rejoint_at": "2026-04-14T03:05:04.981Z",
    "quitte_at": null
  }
},
{
  "model": "live.participant",
  "pk": 7,
  "fields": {
    "salle": "35a073c8-401e-44ef-b45e-7f29a189c2bd",
    "user": null,
    "nom": "Ad",
    "role": "participant",
    "rejoint_at": "2026-04-14T03:05:22.034Z",
    "quitte_at": null
  }
},
{
  "model": "live.participant",
  "pk": 8,
  "fields": {
    "salle": "35a073c8-401e-44ef-b45e-7f29a189c2bd",
    "user": null,
    "nom": "mop",
    "role": "participant",
    "rejoint_at": "2026-04-14T03:09:12.829Z",
    "quitte_at": null
  }
},
{
  "model": "live.participant",
  "pk": 9,
  "fields": {
    "salle": "35a073c8-401e-44ef-b45e-7f29a189c2bd",
    "user": null,
    "nom": "Pp",
    "role": "participant",
    "rejoint_at": "2026-04-14T03:23:10.384Z",
    "quitte_at": null
  }
},
{
  "model": "live.participant",
  "pk": 10,
  "fields": {
    "salle": "35a073c8-401e-44ef-b45e-7f29a189c2bd",
    "user": null,
    "nom": "admin@gmail.com",
    "role": "participant",
    "rejoint_at": "2026-04-14T03:24:01.400Z",
    "quitte_at": null
  }
},
{
  "model": "live.participant",
  "pk": 11,
  "fields": {
    "salle": "35a073c8-401e-44ef-b45e-7f29a189c2bd",
    "user": null,
    "nom": "adm",
    "role": "participant",
    "rejoint_at": "2026-04-14T03:30:31.046Z",
    "quitte_at": null
  }
},
{
  "model": "live.participant",
  "pk": 12,
  "fields": {
    "salle": "35a073c8-401e-44ef-b45e-7f29a189c2bd",
    "user": null,
    "nom": "admin@gmail.com",
    "role": "participant",
    "rejoint_at": "2026-04-14T03:31:44.677Z",
    "quitte_at": null
  }
},
{
  "model": "live.participant",
  "pk": 13,
  "fields": {
    "salle": "f3475601-25cf-4b25-8ff8-349545e9f144",
    "user": null,
    "nom": "Poi",
    "role": "participant",
    "rejoint_at": "2026-04-14T07:23:21.235Z",
    "quitte_at": null
  }
},
{
  "model": "live.participant",
  "pk": 14,
  "fields": {
    "salle": "f3475601-25cf-4b25-8ff8-349545e9f144",
    "user": null,
    "nom": "Po",
    "role": "participant",
    "rejoint_at": "2026-04-14T07:23:37.481Z",
    "quitte_at": null
  }
},
{
  "model": "live.participant",
  "pk": 15,
  "fields": {
    "salle": "f3475601-25cf-4b25-8ff8-349545e9f144",
    "user": null,
    "nom": "PUO",
    "role": "participant",
    "rejoint_at": "2026-04-14T07:28:03.008Z",
    "quitte_at": null
  }
},
{
  "model": "live.participant",
  "pk": 16,
  "fields": {
    "salle": "f3475601-25cf-4b25-8ff8-349545e9f144",
    "user": null,
    "nom": "PUO",
    "role": "participant",
    "rejoint_at": "2026-04-14T07:28:04.386Z",
    "quitte_at": null
  }
},
{
  "model": "live.participant",
  "pk": 17,
  "fields": {
    "salle": "f3475601-25cf-4b25-8ff8-349545e9f144",
    "user": null,
    "nom": "Moi",
    "role": "participant",
    "rejoint_at": "2026-04-14T07:29:24.511Z",
    "quitte_at": null
  }
},
{
  "model": "live.participant",
  "pk": 18,
  "fields": {
    "salle": "f3475601-25cf-4b25-8ff8-349545e9f144",
    "user": null,
    "nom": "Pou",
    "role": "participant",
    "rejoint_at": "2026-04-14T07:29:51.734Z",
    "quitte_at": null
  }
},
{
  "model": "live.participant",
  "pk": 19,
  "fields": {
    "salle": "f3475601-25cf-4b25-8ff8-349545e9f144",
    "user": null,
    "nom": "Aaa",
    "role": "participant",
    "rejoint_at": "2026-04-14T07:30:11.779Z",
    "quitte_at": null
  }
},
{
  "model": "live.participant",
  "pk": 20,
  "fields": {
    "salle": "f3475601-25cf-4b25-8ff8-349545e9f144",
    "user": null,
    "nom": "Poa",
    "role": "participant",
    "rejoint_at": "2026-04-14T07:30:48.095Z",
    "quitte_at": null
  }
},
{
  "model": "live.participant",
  "pk": 21,
  "fields": {
    "salle": "f3475601-25cf-4b25-8ff8-349545e9f144",
    "user": null,
    "nom": "Pm",
    "role": "participant",
    "rejoint_at": "2026-04-14T07:38:55.122Z",
    "quitte_at": null
  }
},
{
  "model": "live.participant",
  "pk": 22,
  "fields": {
    "salle": "f3475601-25cf-4b25-8ff8-349545e9f144",
    "user": null,
    "nom": "ppp",
    "role": "participant",
    "rejoint_at": "2026-04-14T07:39:18.330Z",
    "quitte_at": null
  }
},
{
  "model": "live.participant",
  "pk": 23,
  "fields": {
    "salle": "f3475601-25cf-4b25-8ff8-349545e9f144",
    "user": null,
    "nom": "Pp",
    "role": "participant",
    "rejoint_at": "2026-04-14T07:40:26.236Z",
    "quitte_at": null
  }
},
{
  "model": "live.participant",
  "pk": 24,
  "fields": {
    "salle": "f3475601-25cf-4b25-8ff8-349545e9f144",
    "user": null,
    "nom": "Pp",
    "role": "participant",
    "rejoint_at": "2026-04-14T09:12:53.984Z",
    "quitte_at": null
  }
},
{
  "model": "live.participant",
  "pk": 25,
  "fields": {
    "salle": "f3475601-25cf-4b25-8ff8-349545e9f144",
    "user": null,
    "nom": "admin@gmail.com",
    "role": "participant",
    "rejoint_at": "2026-04-16T00:02:42.864Z",
    "quitte_at": null
  }
},
{
  "model": "live.participant",
  "pk": 26,
  "fields": {
    "salle": "f3475601-25cf-4b25-8ff8-349545e9f144",
    "user": 1,
    "nom": "ppp",
    "role": "hote",
    "rejoint_at": "2026-04-17T11:35:33.360Z",
    "quitte_at": null
  }
},
{
  "model": "live.participant",
  "pk": 27,
  "fields": {
    "salle": "145b5f1c-378b-4d2e-bc3f-737beb9b59ac",
    "user": 1,
    "nom": "poi",
    "role": "hote",
    "rejoint_at": "2026-04-17T12:10:35.989Z",
    "quitte_at": null
  }
},
{
  "model": "live.participant",
  "pk": 28,
  "fields": {
    "salle": "145b5f1c-378b-4d2e-bc3f-737beb9b59ac",
    "user": 1,
    "nom": "pou",
    "role": "hote",
    "rejoint_at": "2026-04-17T12:32:55.399Z",
    "quitte_at": null
  }
},
{
  "model": "live.participant",
  "pk": 29,
  "fields": {
    "salle": "145b5f1c-378b-4d2e-bc3f-737beb9b59ac",
    "user": null,
    "nom": "Loutfiyath ",
    "role": "participant",
    "rejoint_at": "2026-04-17T12:39:55.426Z",
    "quitte_at": null
  }
},
{
  "model": "live.participant",
  "pk": 30,
  "fields": {
    "salle": "145b5f1c-378b-4d2e-bc3f-737beb9b59ac",
    "user": null,
    "nom": "Loutfiyath ",
    "role": "participant",
    "rejoint_at": "2026-04-17T12:42:34.816Z",
    "quitte_at": null
  }
},
{
  "model": "live.participant",
  "pk": 31,
  "fields": {
    "salle": "54731b5d-096b-4365-91fb-00a29665cd3f",
    "user": 1,
    "nom": "admin",
    "role": "hote",
    "rejoint_at": "2026-04-18T06:31:17.962Z",
    "quitte_at": null
  }
},
{
  "model": "live.participant",
  "pk": 32,
  "fields": {
    "salle": "54731b5d-096b-4365-91fb-00a29665cd3f",
    "user": 1,
    "nom": "admin",
    "role": "hote",
    "rejoint_at": "2026-04-18T06:39:48.158Z",
    "quitte_at": null
  }
},
{
  "model": "live.participant",
  "pk": 33,
  "fields": {
    "salle": "c83fe2cc-b372-4e95-a07a-5964e4eb0e6e",
    "user": 1,
    "nom": "admin",
    "role": "hote",
    "rejoint_at": "2026-04-18T06:41:49.285Z",
    "quitte_at": null
  }
},
{
  "model": "live.participant",
  "pk": 34,
  "fields": {
    "salle": "c83fe2cc-b372-4e95-a07a-5964e4eb0e6e",
    "user": 1,
    "nom": "admin",
    "role": "hote",
    "rejoint_at": "2026-04-18T06:43:07.177Z",
    "quitte_at": null
  }
},
{
  "model": "live.participant",
  "pk": 35,
  "fields": {
    "salle": "c83fe2cc-b372-4e95-a07a-5964e4eb0e6e",
    "user": 1,
    "nom": "admin",
    "role": "hote",
    "rejoint_at": "2026-04-18T06:54:06.003Z",
    "quitte_at": null
  }
},
{
  "model": "live.participant",
  "pk": 36,
  "fields": {
    "salle": "3bcc4203-f991-432d-9515-dbcfea6f7783",
    "user": 1,
    "nom": "admin",
    "role": "hote",
    "rejoint_at": "2026-04-18T06:57:03.494Z",
    "quitte_at": null
  }
},
{
  "model": "live.participant",
  "pk": 37,
  "fields": {
    "salle": "3bcc4203-f991-432d-9515-dbcfea6f7783",
    "user": 1,
    "nom": "admin",
    "role": "hote",
    "rejoint_at": "2026-04-18T07:03:20.844Z",
    "quitte_at": null
  }
},
{
  "model": "live.participant",
  "pk": 38,
  "fields": {
    "salle": "3bcc4203-f991-432d-9515-dbcfea6f7783",
    "user": 1,
    "nom": "admin",
    "role": "hote",
    "rejoint_at": "2026-04-18T07:04:17.184Z",
    "quitte_at": null
  }
},
{
  "model": "live.participant",
  "pk": 39,
  "fields": {
    "salle": "3bcc4203-f991-432d-9515-dbcfea6f7783",
    "user": 1,
    "nom": "admin",
    "role": "hote",
    "rejoint_at": "2026-04-18T07:04:43.384Z",
    "quitte_at": null
  }
},
{
  "model": "live.participant",
  "pk": 40,
  "fields": {
    "salle": "3bcc4203-f991-432d-9515-dbcfea6f7783",
    "user": null,
    "nom": "Mourchid ",
    "role": "participant",
    "rejoint_at": "2026-04-18T07:06:31.458Z",
    "quitte_at": null
  }
},
{
  "model": "live.participant",
  "pk": 41,
  "fields": {
    "salle": "3bcc4203-f991-432d-9515-dbcfea6f7783",
    "user": 1,
    "nom": "admin",
    "role": "hote",
    "rejoint_at": "2026-04-18T07:08:23.403Z",
    "quitte_at": null
  }
},
{
  "model": "live.participant",
  "pk": 42,
  "fields": {
    "salle": "3bcc4203-f991-432d-9515-dbcfea6f7783",
    "user": 1,
    "nom": "admin",
    "role": "hote",
    "rejoint_at": "2026-04-18T07:09:50.893Z",
    "quitte_at": null
  }
},
{
  "model": "live.participant",
  "pk": 43,
  "fields": {
    "salle": "3bcc4203-f991-432d-9515-dbcfea6f7783",
    "user": null,
    "nom": "Hhhh",
    "role": "participant",
    "rejoint_at": "2026-04-18T07:10:55.925Z",
    "quitte_at": null
  }
},
{
  "model": "live.participant",
  "pk": 44,
  "fields": {
    "salle": "3bcc4203-f991-432d-9515-dbcfea6f7783",
    "user": 1,
    "nom": "admin",
    "role": "hote",
    "rejoint_at": "2026-04-18T07:15:50.804Z",
    "quitte_at": null
  }
},
{
  "model": "live.participant",
  "pk": 45,
  "fields": {
    "salle": "3bcc4203-f991-432d-9515-dbcfea6f7783",
    "user": null,
    "nom": "Pou",
    "role": "participant",
    "rejoint_at": "2026-04-18T07:16:21.203Z",
    "quitte_at": null
  }
},
{
  "model": "live.participant",
  "pk": 46,
  "fields": {
    "salle": "3bcc4203-f991-432d-9515-dbcfea6f7783",
    "user": 1,
    "nom": "admin",
    "role": "hote",
    "rejoint_at": "2026-04-18T07:31:25.478Z",
    "quitte_at": null
  }
},
{
  "model": "live.participant",
  "pk": 47,
  "fields": {
    "salle": "8d3c64f7-38b5-42dd-a096-8e78216557a4",
    "user": 1,
    "nom": "admin",
    "role": "hote",
    "rejoint_at": "2026-04-18T07:33:13.383Z",
    "quitte_at": null
  }
},
{
  "model": "live.participant",
  "pk": 48,
  "fields": {
    "salle": "8d3c64f7-38b5-42dd-a096-8e78216557a4",
    "user": null,
    "nom": "Kfkf",
    "role": "participant",
    "rejoint_at": "2026-04-18T07:34:05.544Z",
    "quitte_at": null
  }
},
{
  "model": "live.participant",
  "pk": 49,
  "fields": {
    "salle": "8d3c64f7-38b5-42dd-a096-8e78216557a4",
    "user": null,
    "nom": "Yyyy",
    "role": "participant",
    "rejoint_at": "2026-04-18T07:37:55.280Z",
    "quitte_at": null
  }
},
{
  "model": "live.participant",
  "pk": 50,
  "fields": {
    "salle": "8d3c64f7-38b5-42dd-a096-8e78216557a4",
    "user": 1,
    "nom": "admin",
    "role": "hote",
    "rejoint_at": "2026-04-18T07:41:37.010Z",
    "quitte_at": null
  }
},
{
  "model": "live.participant",
  "pk": 51,
  "fields": {
    "salle": "8d3c64f7-38b5-42dd-a096-8e78216557a4",
    "user": null,
    "nom": "Uuu",
    "role": "participant",
    "rejoint_at": "2026-04-18T07:42:24.982Z",
    "quitte_at": null
  }
},
{
  "model": "live.participant",
  "pk": 52,
  "fields": {
    "salle": "8d3c64f7-38b5-42dd-a096-8e78216557a4",
    "user": 1,
    "nom": "admin",
    "role": "hote",
    "rejoint_at": "2026-04-18T07:48:39.553Z",
    "quitte_at": null
  }
},
{
  "model": "live.participant",
  "pk": 53,
  "fields": {
    "salle": "8d3c64f7-38b5-42dd-a096-8e78216557a4",
    "user": 1,
    "nom": "admin",
    "role": "hote",
    "rejoint_at": "2026-04-18T07:48:59.912Z",
    "quitte_at": null
  }
},
{
  "model": "live.participant",
  "pk": 54,
  "fields": {
    "salle": "8d3c64f7-38b5-42dd-a096-8e78216557a4",
    "user": 1,
    "nom": "admin",
    "role": "hote",
    "rejoint_at": "2026-04-18T07:53:58.580Z",
    "quitte_at": null
  }
},
{
  "model": "live.participant",
  "pk": 55,
  "fields": {
    "salle": "8d3c64f7-38b5-42dd-a096-8e78216557a4",
    "user": 1,
    "nom": "admin",
    "role": "hote",
    "rejoint_at": "2026-04-18T08:03:24.594Z",
    "quitte_at": null
  }
},
{
  "model": "live.participant",
  "pk": 56,
  "fields": {
    "salle": "8d3c64f7-38b5-42dd-a096-8e78216557a4",
    "user": 1,
    "nom": "admin",
    "role": "hote",
    "rejoint_at": "2026-04-18T08:13:43.197Z",
    "quitte_at": null
  }
},
{
  "model": "live.participant",
  "pk": 57,
  "fields": {
    "salle": "f821092e-4443-42cb-b740-a159d629be4f",
    "user": null,
    "nom": "mourchidkarimou4",
    "role": "spectateur",
    "rejoint_at": "2026-04-26T14:08:10.154Z",
    "quitte_at": null
  }
},
{
  "model": "live.participant",
  "pk": 58,
  "fields": {
    "salle": "c5cc55ed-4bee-4a53-bc02-79cd0d2138ba",
    "user": null,
    "nom": "loutfiyathakadiri",
    "role": "spectateur",
    "rejoint_at": "2026-04-26T14:14:22.759Z",
    "quitte_at": null
  }
},
{
  "model": "live.participant",
  "pk": 59,
  "fields": {
    "salle": "c5cc55ed-4bee-4a53-bc02-79cd0d2138ba",
    "user": null,
    "nom": "mourchidkarimou4",
    "role": "spectateur",
    "rejoint_at": "2026-04-26T14:17:43.051Z",
    "quitte_at": null
  }
},
{
  "model": "live.peeractif",
  "pk": 1,
  "fields": {
    "salle": "f3475601-25cf-4b25-8ff8-349545e9f144",
    "peer_id": "dd85c2a7-786c-47e6-86f9-d26b67db19de",
    "nom": "Pm",
    "created_at": "2026-04-14T07:38:56.735Z"
  }
},
{
  "model": "live.peeractif",
  "pk": 2,
  "fields": {
    "salle": "f3475601-25cf-4b25-8ff8-349545e9f144",
    "peer_id": "cfb473a9-0795-4f15-9518-4c8a46120fc8",
    "nom": "Pp",
    "created_at": "2026-04-14T07:40:27.679Z"
  }
},
{
  "model": "zoom.reunionzoom",
  "pk": 1,
  "fields": {
    "titre": "Master",
    "description": "osez",
    "meeting_id": "83911369361",
    "password": "19pdn1",
    "join_url": "https://us05web.zoom.us/j/83911369361?pwd=jL8ClsCYb2Y9pdsF1YYbTEDdVb11vC.1",
    "start_url": "https://us05web.zoom.us/s/83911369361?zak=eyJ0eXAiOiJKV1QiLCJzdiI6IjAwMDAwMiIsInptX3NrbSI6InptX28ybSIsImFsZyI6IkhTMjU2In0.eyJpc3MiOiJ3ZWIiLCJjbHQiOjAsIm1udW0iOiI4MzkxMTM2OTM2MSIsImF1ZCI6ImNsaWVudHNtIiwidWlkIjoiS045SmE4R1NTbjYwN3hIUTlwT245QSIsInppZCI6ImFmMTlmYWY1ODg0ZTQyMTZhNWFmMjdkNTU3YTU4NTQxIiwic2siOiIwIiwic3R5IjoxLCJ3Y2QiOiJ1czA1IiwiZXhwIjoxNzc3MjkwMzg2LCJpYXQiOjE3NzcyODMxODYsImFpZCI6Ijdkb2N3eDl1U21DV2hNeDVoYlpIc3ciLCJjaWQiOiIifQ.7KXKnuIwGkaJBQVwW_zgT8BJFQ3qcAsq5fNph8_TEYU",
    "hote": 1,
    "statut": "terminee",
    "date_debut": null,
    "duree": 60,
    "created_at": "2026-04-27T09:46:26.693Z"
  }
},
{
  "model": "zoom.reunionzoom",
  "pk": 2,
  "fields": {
    "titre": "qqq",
    "description": "ddd",
    "meeting_id": "84464273470",
    "password": "aT068v",
    "join_url": "https://us05web.zoom.us/j/84464273470?pwd=LqybGgwvsN5bM10fG7G6M3US8fhfME.1",
    "start_url": "https://us05web.zoom.us/s/84464273470?zak=eyJ0eXAiOiJKV1QiLCJzdiI6IjAwMDAwMiIsInptX3NrbSI6InptX28ybSIsImFsZyI6IkhTMjU2In0.eyJpc3MiOiJ3ZWIiLCJjbHQiOjAsIm1udW0iOiI4NDQ2NDI3MzQ3MCIsImF1ZCI6ImNsaWVudHNtIiwidWlkIjoiS045SmE4R1NTbjYwN3hIUTlwT245QSIsInppZCI6IjQ4ZGFiODk1ZTM3NTQ1MzhiNDM0ZGE2ODRlNGI0NTdhIiwic2siOiIwIiwic3R5IjoxLCJ3Y2QiOiJ1czA1IiwiZXhwIjoxNzc3MjkyNDIxLCJpYXQiOjE3NzcyODUyMjEsImFpZCI6Ijdkb2N3eDl1U21DV2hNeDVoYlpIc3ciLCJjaWQiOiIifQ.8m_JU4-4e-2Dyc0asZDG7R-aLT12iGGnFrQfXwD9dcw",
    "hote": 1,
    "statut": "terminee",
    "date_debut": null,
    "duree": 60,
    "created_at": "2026-04-27T10:20:21.904Z"
  }
},
{
  "model": "zoom.reunionzoom",
  "pk": 3,
  "fields": {
    "titre": "ttt",
    "description": "aa",
    "meeting_id": "87694285450",
    "password": "6C14ZX",
    "join_url": "https://us05web.zoom.us/j/87694285450?pwd=EkgsF304lubqcQlsUAH3BJ480WDvpo.1",
    "start_url": "https://us05web.zoom.us/s/87694285450?zak=eyJ0eXAiOiJKV1QiLCJzdiI6IjAwMDAwMiIsInptX3NrbSI6InptX28ybSIsImFsZyI6IkhTMjU2In0.eyJpc3MiOiJ3ZWIiLCJjbHQiOjAsIm1udW0iOiI4NzY5NDI4NTQ1MCIsImF1ZCI6ImNsaWVudHNtIiwidWlkIjoiS045SmE4R1NTbjYwN3hIUTlwT245QSIsInppZCI6IjFkMTExZWRlZDVhYTQ2N2M4MTIxODRkYTY5MzIzYmQ1Iiwic2siOiIwIiwic3R5IjoxLCJ3Y2QiOiJ1czA1IiwiZXhwIjoxNzc3MjkyNjU4LCJpYXQiOjE3NzcyODU0NTgsImFpZCI6Ijdkb2N3eDl1U21DV2hNeDVoYlpIc3ciLCJjaWQiOiIifQ.OfBCKxuFsg-1LZpazb3ULY4VPPfgHYKDgZRg-yF7bzs",
    "hote": 1,
    "statut": "terminee",
    "date_debut": null,
    "duree": 60,
    "created_at": "2026-04-27T10:24:18.615Z"
  }
},
{
  "model": "zoom.reunionzoom",
  "pk": 4,
  "fields": {
    "titre": "Master",
    "description": "OSEZ",
    "meeting_id": "81310050644",
    "password": "Hq0nk5",
    "join_url": "https://us05web.zoom.us/j/81310050644?pwd=5PpsUhUEPoDd1T5KKhlxCi5GacC2sZ.1",
    "start_url": "https://us05web.zoom.us/s/81310050644?zak=eyJ0eXAiOiJKV1QiLCJzdiI6IjAwMDAwMiIsInptX3NrbSI6InptX28ybSIsImFsZyI6IkhTMjU2In0.eyJpc3MiOiJ3ZWIiLCJjbHQiOjAsIm1udW0iOiI4MTMxMDA1MDY0NCIsImF1ZCI6ImNsaWVudHNtIiwidWlkIjoiS045SmE4R1NTbjYwN3hIUTlwT245QSIsInppZCI6IjBhYjFkZTNkZjgzNjQ3NzZiNThjODIyNDA5ZWQ2MzM5Iiwic2siOiIwIiwic3R5IjoxLCJ3Y2QiOiJ1czA1IiwiZXhwIjoxNzc3MzAxNjk0LCJpYXQiOjE3NzcyOTQ0OTQsImFpZCI6Ijdkb2N3eDl1U21DV2hNeDVoYlpIc3ciLCJjaWQiOiIifQ.wuPRtt3VuoojxeSTCSlv_KBZEL1N3EYbDpP0E4Opp_A",
    "hote": 1,
    "statut": "terminee",
    "date_debut": null,
    "duree": 60,
    "created_at": "2026-04-27T12:54:54.782Z"
  }
},
{
  "model": "zoom.reunionzoom",
  "pk": 5,
  "fields": {
    "titre": "cvc",
    "description": "",
    "meeting_id": "83196822020",
    "password": "47i2Ls",
    "join_url": "https://us05web.zoom.us/j/83196822020?pwd=dQTNibfAiXdbGlTvwdBHbxDa7mWP9b.1",
    "start_url": "https://us05web.zoom.us/s/83196822020?zak=eyJ0eXAiOiJKV1QiLCJzdiI6IjAwMDAwMiIsInptX3NrbSI6InptX28ybSIsImFsZyI6IkhTMjU2In0.eyJpc3MiOiJ3ZWIiLCJjbHQiOjAsIm1udW0iOiI4MzE5NjgyMjAyMCIsImF1ZCI6ImNsaWVudHNtIiwidWlkIjoiS045SmE4R1NTbjYwN3hIUTlwT245QSIsInppZCI6ImEwMzQ3ZDBkM2QxNDQxYmE4NTJkNjllMzg2Zjc1YTJhIiwic2siOiIwIiwic3R5IjoxLCJ3Y2QiOiJ1czA1IiwiZXhwIjoxNzc3MzA2MDI4LCJpYXQiOjE3NzcyOTg4MjgsImFpZCI6Ijdkb2N3eDl1U21DV2hNeDVoYlpIc3ciLCJjaWQiOiIifQ.mm6O7HUfh-MNl2zGUqomuxpUovt7zmTMTvQNtE8dXno",
    "hote": 1,
    "statut": "terminee",
    "date_debut": null,
    "duree": 60,
    "created_at": "2026-04-27T14:07:08.236Z"
  }
},
{
  "model": "zoom.reunionzoom",
  "pk": 6,
  "fields": {
    "titre": "eeeee",
    "description": "e",
    "meeting_id": "87991943705",
    "password": "Ax1e26",
    "join_url": "https://us05web.zoom.us/j/87991943705?pwd=qsqSTh7T45cP1qcoFrusZ6UhcaHtAs.1",
    "start_url": "https://us05web.zoom.us/s/87991943705?zak=eyJ0eXAiOiJKV1QiLCJzdiI6IjAwMDAwMiIsInptX3NrbSI6InptX28ybSIsImFsZyI6IkhTMjU2In0.eyJpc3MiOiJ3ZWIiLCJjbHQiOjAsIm1udW0iOiI4Nzk5MTk0MzcwNSIsImF1ZCI6ImNsaWVudHNtIiwidWlkIjoiS045SmE4R1NTbjYwN3hIUTlwT245QSIsInppZCI6ImRjMzRiYjMyNzNjMzQ2Mjg5ZTU5ZmQyOTNmOTRkNzY4Iiwic2siOiIwIiwic3R5IjoxLCJ3Y2QiOiJ1czA1IiwiZXhwIjoxNzc3MzE1Mzc5LCJpYXQiOjE3NzczMDgxNzksImFpZCI6Ijdkb2N3eDl1U21DV2hNeDVoYlpIc3ciLCJjaWQiOiIifQ.MHXaCB2fMf-81B_veNUnj9DOKAyOFQuRLPSyJxMQ0oQ",
    "hote": 1,
    "statut": "terminee",
    "date_debut": null,
    "duree": 60,
    "created_at": "2026-04-27T16:42:59.377Z"
  }
},
{
  "model": "zoom.reunionzoom",
  "pk": 7,
  "fields": {
    "titre": "wfg",
    "description": "",
    "meeting_id": "85334702922",
    "password": "ebG0C7",
    "join_url": "https://us05web.zoom.us/j/85334702922?pwd=ViQ34Yof3ytzFg21rmm4FbtB32wbhu.1",
    "start_url": "https://us05web.zoom.us/s/85334702922?zak=eyJ0eXAiOiJKV1QiLCJzdiI6IjAwMDAwMiIsInptX3NrbSI6InptX28ybSIsImFsZyI6IkhTMjU2In0.eyJpc3MiOiJ3ZWIiLCJjbHQiOjAsIm1udW0iOiI4NTMzNDcwMjkyMiIsImF1ZCI6ImNsaWVudHNtIiwidWlkIjoiS045SmE4R1NTbjYwN3hIUTlwT245QSIsInppZCI6IjUwMzY5NDU1YjNmMzQ0NzRhOWNhYmQxMGMxZGJiZGE4Iiwic2siOiIwIiwic3R5IjoxLCJ3Y2QiOiJ1czA1IiwiZXhwIjoxNzc3MzE4NzQ5LCJpYXQiOjE3NzczMTE1NDksImFpZCI6Ijdkb2N3eDl1U21DV2hNeDVoYlpIc3ciLCJjaWQiOiIifQ.m3kj7IIuqWko1gmH-py1TXYhZtUvJU9ekeYtW8NgAU0",
    "hote": 1,
    "statut": "terminee",
    "date_debut": null,
    "duree": 60,
    "created_at": "2026-04-27T17:39:09.412Z"
  }
},
{
  "model": "zoom.reunionzoom",
  "pk": 8,
  "fields": {
    "titre": "VRAI",
    "description": "",
    "meeting_id": "85340624828",
    "password": "ExH6he",
    "join_url": "https://us05web.zoom.us/j/85340624828?pwd=lYIUXmRcEo7tDm2lRMWrpuaMvN1Be7.1",
    "start_url": "https://us05web.zoom.us/s/85340624828?zak=eyJ0eXAiOiJKV1QiLCJzdiI6IjAwMDAwMiIsInptX3NrbSI6InptX28ybSIsImFsZyI6IkhTMjU2In0.eyJpc3MiOiJ3ZWIiLCJjbHQiOjAsIm1udW0iOiI4NTM0MDYyNDgyOCIsImF1ZCI6ImNsaWVudHNtIiwidWlkIjoiS045SmE4R1NTbjYwN3hIUTlwT245QSIsInppZCI6IjQ4ZjI3NDA3YzUwMzRiZDk4OTA0OGVlZDAyZjg2OGUwIiwic2siOiIwIiwic3R5IjoxLCJ3Y2QiOiJ1czA1IiwiZXhwIjoxNzc3MzIzMzQyLCJpYXQiOjE3NzczMTYxNDIsImFpZCI6Ijdkb2N3eDl1U21DV2hNeDVoYlpIc3ciLCJjaWQiOiIifQ.xILknpMlh-Kpubn6i_5VIsYLF5c-q-hdsFYIcXM_Zi4",
    "hote": 1,
    "statut": "attente",
    "date_debut": null,
    "duree": 60,
    "created_at": "2026-04-27T18:55:42.213Z"
  }
},
{
  "model": "evenements.evenement",
  "pk": 1,
  "fields": {
    "titre": "Masterclass OSER",
    "badge": "100% GRATUIT",
    "badge_color": "#4CAF50",
    "date": "Dimanche 26 avril à 17h GMT+1",
    "lieu": "En ligne",
    "description": "Cette masterclass est conçue pour t'aider à sortir du regard des autres, reprendre confiance en toi et commencer à incarner une image alignée avec ta vraie valeur.",
    "bouton": "",
    "lien": "",
    "photo": "image/upload/v1776681742/metamorphose/evenements/cjlhs6civpb26ol6rhv1.jpg",
    "photo_url": "",
    "statut": "actif",
    "ordre": 1,
    "actif": true,
    "created_at": "2026-04-19T10:27:40.009Z"
  }
},
{
  "model": "evenements.evenement",
  "pk": 2,
  "fields": {
    "titre": "Brunch Métamorphose",
    "badge": "ÉVÉNEMENT EXCLUSIF",
    "badge_color": "#C9A96A",
    "date": "À venir",
    "lieu": "Cotonou, Bénin",
    "description": "Le Brunch Métamorphose est une expérience exclusive pensée pour réunir les femmes de la communauté dans un cadre élégant, intime et inspirant.",
    "bouton": "",
    "lien": "",
    "photo": "image/upload/v1776616983/metamorphose/evenements/bof63wizbjtfx4t7pwt7.jpg",
    "photo_url": "",
    "statut": "actif",
    "ordre": 2,
    "actif": true,
    "created_at": "2026-04-19T10:27:40.680Z"
  }
},
{
  "model": "evenements.actualite",
  "pk": 1,
  "fields": {
    "titre": "Nomination parmi les 100 Leaders du Bénin",
    "categorie": "Reconnaissance",
    "date": "Avril 2026",
    "resume": "Prélia APEDO AHONON a été honorée d'être nommée parmi les 100 leaders du Bénin, une reconnaissance qui valorise l'impact, la vision et l'engagement portés à travers ce projet.",
    "bouton": "Lire l'histoire complète",
    "lien": "/evenements",
    "photo": "image/upload/v1776681614/metamorphose/actualites/ljc8q4cbglfc4seqibte.jpg",
    "photo_url": "",
    "color": "#C9A96A",
    "ordre": 1,
    "actif": true,
    "created_at": "2026-04-19T10:30:06.802Z"
  }
},
{
  "model": "evenements.actualite",
  "pk": 2,
  "fields": {
    "titre": "Lancement de la Masterclass Confiance en Soi",
    "categorie": "Programme",
    "date": "Mars 2026",
    "resume": "Une nouvelle masterclass dédiée à la confiance en soi, à l'image et à l'affirmation personnelle est officiellement lancée.",
    "bouton": "En savoir plus",
    "lien": "/masterclass",
    "photo": "image/upload/v1776681657/metamorphose/actualites/ojeb9ijksw82tthaaqcx.jpg",
    "photo_url": "",
    "color": "#C2185B",
    "ordre": 2,
    "actif": true,
    "created_at": "2026-04-19T10:30:07.517Z"
  }
},
{
  "model": "communaute.cleaccesemail",
  "pk": 1,
  "fields": {
    "email": "mourchidkarimou4@gmail.com",
    "cle": "JNTpk5z15KxSPGjCTOb5G53HnE7ybHKr",
    "active": true,
    "creee_le": "2026-05-01T16:04:07.158Z"
  }
},
{
  "model": "communaute.cleaccesemail",
  "pk": 2,
  "fields": {
    "email": "test@externe.com",
    "cle": "Y5BekCW3FeDSAiGGVohOBZAxkaLou2Vw",
    "active": true,
    "creee_le": "2026-05-01T16:12:30.938Z"
  }
},
{
  "model": "masterclass.temoignagemasterclass",
  "pk": 16,
  "fields": {
    "prenom": "zf",
    "texte": "fd",
    "photo": "image/upload/metamorphose/masterclass/temoignages/bjxnxovesgonrjyp2hif",
    "ordre": 0,
    "actif": true,
    "created_at": "2026-04-26T10:15:05.588Z"
  }
},
{
  "model": "masterclass.temoignagemasterclass",
  "pk": 17,
  "fields": {
    "prenom": "aaaa",
    "texte": "dddd",
    "photo": "image/upload/metamorphose/masterclass/temoignages/pnrwnhvalbk7y34xmcmm",
    "ordre": 0,
    "actif": true,
    "created_at": "2026-04-26T10:18:26.444Z"
  }
},
{
  "model": "accounts.customuser",
  "pk": 1,
  "fields": {
    "password": "pbkdf2_sha256$600000$Zeqpv2oz9pql3k6ulMt6mu$PDXoWSo9IcLujg/xjDGw1PNJOWViSu6l88zKFXgx4V0=",
    "last_login": "2026-04-18T19:30:29.244Z",
    "is_superuser": true,
    "username": "admin",
    "first_name": "",
    "last_name": "",
    "is_staff": true,
    "is_active": true,
    "date_joined": "2026-03-30T20:17:52.578Z",
    "email": "admin@gmail.com",
    "whatsapp": "",
    "pays": "",
    "formule": "",
    "actif": true,
    "groups": [],
    "user_permissions": []
  }
},
{
  "model": "contenu.demandecontact",
  "pk": 4,
  "fields": {
    "prenom": "MOURCHID",
    "nom": "KARIMOU",
    "email": "mourchidkarimou4@gmail.com",
    "whatsapp": "52926779",
    "pays": "Bénin",
    "formule": "F1",
    "message": "Merci",
    "date": "2026-04-19T06:38:10.537Z",
    "traite": false
  }
},
{
  "model": "contenu.demandecontact",
  "pk": 5,
  "fields": {
    "prenom": "Mourchid",
    "nom": "KARIMOU",
    "email": "mourchidkarimou4@gmail.com",
    "whatsapp": "52926779",
    "pays": "Bénin",
    "formule": "F2",
    "message": "ppp",
    "date": "2026-04-19T07:06:41.374Z",
    "traite": true
  }
},
{
  "model": "contenu.demandecontact",
  "pk": 6,
  "fields": {
    "prenom": "Mourchid",
    "nom": "KARIMOU",
    "email": "mourchidkarimou4@gmail.com",
    "whatsapp": "52926779",
    "pays": "Bénin",
    "formule": "F3",
    "message": "mm",
    "date": "2026-04-19T08:12:31.702Z",
    "traite": false
  }
},
{
  "model": "contenu.abonne",
  "pk": 1,
  "fields": {
    "email": "mourchidkarimou4@gmail.com",
    "prenom": "Mourchid",
    "actif": true,
    "created_at": "2026-04-19T06:44:42.141Z"
  }
},
{
  "model": "administration.siteconfig",
  "pk": 1,
  "fields": {
    "cle": "hero_mention",
    "valeur": "Un programme créé par Prélia Apedo, fondatrice de White & Black",
    "section": "hero"
  }
},
{
  "model": "administration.siteconfig",
  "pk": 2,
  "fields": {
    "cle": "hero_titre",
    "valeur": "De l'ombre à la lumière en 60 jours.",
    "section": "hero"
  }
},
{
  "model": "administration.siteconfig",
  "pk": 3,
  "fields": {
    "cle": "hero_sous_titre",
    "valeur": "Libérez-vous du regard des autres, révélez votre identité profonde et osez enfin prendre votre place avec une image authentique, confiante et magnétique.",
    "section": "hero"
  }
},
{
  "model": "administration.siteconfig",
  "pk": 4,
  "fields": {
    "cle": "hero_btn1",
    "valeur": "Je rejoins l'aventure",
    "section": "hero"
  }
},
{
  "model": "administration.siteconfig",
  "pk": 5,
  "fields": {
    "cle": "hero_btn2",
    "valeur": "Découvrir le programme",
    "section": "hero"
  }
},
{
  "model": "administration.siteconfig",
  "pk": 6,
  "fields": {
    "cle": "probleme_titre",
    "valeur": "Et si ce qui vous freine aujourd'hui n'était pas un manque d'alignement ?",
    "section": "probleme"
  }
},
{
  "model": "administration.siteconfig",
  "pk": 7,
  "fields": {
    "cle": "probleme_intro",
    "valeur": "Vous sentez au fond de vous que vous êtes capable de plus. Mais quelque chose vous retient encore.",
    "section": "probleme"
  }
},
{
  "model": "administration.siteconfig",
  "pk": 8,
  "fields": {
    "cle": "probleme_item1",
    "valeur": "La peur paralysante du regard des autres",
    "section": "probleme"
  }
},
{
  "model": "administration.siteconfig",
  "pk": 9,
  "fields": {
    "cle": "probleme_item2",
    "valeur": "Le doute et les croyances limitantes qui vous retiennent",
    "section": "probleme"
  }
},
{
  "model": "administration.siteconfig",
  "pk": 10,
  "fields": {
    "cle": "probleme_item3",
    "valeur": "La difficulté à vous affirmer et à prendre votre place",
    "section": "probleme"
  }
},
{
  "model": "administration.siteconfig",
  "pk": 11,
  "fields": {
    "cle": "probleme_item4",
    "valeur": "Le décalage douloureux entre qui vous êtes et ce que vous montrez",
    "section": "probleme"
  }
},
{
  "model": "administration.siteconfig",
  "pk": 12,
  "fields": {
    "cle": "probleme_item5",
    "valeur": "Le sentiment permanent de ne pas être assez",
    "section": "probleme"
  }
},
{
  "model": "administration.siteconfig",
  "pk": 13,
  "fields": {
    "cle": "probleme_citation",
    "valeur": "Vous n'avez pas besoin de devenir quelqu'un d'autre. Vous avez besoin de vous reconnecter à vous-même.",
    "section": "probleme"
  }
},
{
  "model": "administration.siteconfig",
  "pk": 14,
  "fields": {
    "cle": "methode_titre",
    "valeur": "Une méthode puissante en 3 étapes pour vous transformer en profondeur.",
    "section": "methode"
  }
},
{
  "model": "administration.siteconfig",
  "pk": 15,
  "fields": {
    "cle": "meta_titre",
    "valeur": "Transformation intérieure",
    "section": "methode"
  }
},
{
  "model": "administration.siteconfig",
  "pk": 16,
  "fields": {
    "cle": "meta_desc",
    "valeur": "Revenir à la source de soi. Identifier les peurs, les croyances limitantes et le poids du regard des autres pour amorcer une guérison profonde et durable.",
    "section": "methode"
  }
},
{
  "model": "administration.siteconfig",
  "pk": 17,
  "fields": {
    "cle": "meta_semaines",
    "valeur": "Semaines 1 — 2",
    "section": "methode"
  }
},
{
  "model": "administration.siteconfig",
  "pk": 18,
  "fields": {
    "cle": "morph_titre",
    "valeur": "Image et identité révélées",
    "section": "methode"
  }
},
{
  "model": "administration.siteconfig",
  "pk": 19,
  "fields": {
    "cle": "morph_desc",
    "valeur": "Redéfinir son image, son style, sa posture pour que l'extérieur reflète enfin la richesse de l'intérieur. Morphologie, colorimétrie, identité visuelle.",
    "section": "methode"
  }
},
{
  "model": "administration.siteconfig",
  "pk": 20,
  "fields": {
    "cle": "morph_semaines",
    "valeur": "Semaines 3 — 5",
    "section": "methode"
  }
},
{
  "model": "administration.siteconfig",
  "pk": 21,
  "fields": {
    "cle": "ose_titre",
    "valeur": "Passage à l'action",
    "section": "methode"
  }
},
{
  "model": "administration.siteconfig",
  "pk": 22,
  "fields": {
    "cle": "ose_desc",
    "valeur": "Apprendre à s'affirmer, prendre sa place, développer son leadership personnel et poser des actions concrètes vers ses rêves et ambitions.",
    "section": "methode"
  }
},
{
  "model": "administration.siteconfig",
  "pk": 23,
  "fields": {
    "cle": "ose_semaines",
    "valeur": "Semaines 6 — 8",
    "section": "methode"
  }
},
{
  "model": "administration.siteconfig",
  "pk": 24,
  "fields": {
    "cle": "programme_titre",
    "valeur": "8 semaines pour passer de la peur à la puissance.",
    "section": "programme"
  }
},
{
  "model": "administration.siteconfig",
  "pk": 25,
  "fields": {
    "cle": "meta_items",
    "valeur": "Identification des croyances limitantes|Travail sur la peur du regard des autres|Développement de l'estime de soi|Introspection guidée",
    "section": "programme"
  }
},
{
  "model": "administration.siteconfig",
  "pk": 26,
  "fields": {
    "cle": "morph_items",
    "valeur": "Conscience de son image personnelle|Morphologie et colorimétrie|Style vestimentaire et identité visuelle|Posture et présence",
    "section": "programme"
  }
},
{
  "model": "administration.siteconfig",
  "pk": 27,
  "fields": {
    "cle": "ose_items",
    "valeur": "Affirmation de soi et art oratoire|Posture et impact|Passage à l'action concret|Plan de transformation futur",
    "section": "programme"
  }
},
{
  "model": "administration.siteconfig",
  "pk": 28,
  "fields": {
    "cle": "inclus_items",
    "valeur": "Lives interactifs hebdomadaires|Replays à votre rythme|Exercices pratiques personnalisés|Groupe WhatsApp privé|7 guides PDF bonus|Club des Métamorphosées à vie",
    "section": "programme"
  }
},
{
  "model": "administration.siteconfig",
  "pk": 29,
  "fields": {
    "cle": "prelia_titre",
    "valeur": "Derrière Méta'Morph'Ose, une femme engagée à révéler l'essence des femmes.",
    "section": "prelia"
  }
},
{
  "model": "administration.siteconfig",
  "pk": 30,
  "fields": {
    "cle": "prelia_citation",
    "valeur": "Je sais ce que cela fait de se sentir invisible.",
    "section": "prelia"
  }
},
{
  "model": "administration.siteconfig",
  "pk": 31,
  "fields": {
    "cle": "prelia_texte1",
    "valeur": "Pendant longtemps, je n'ai pas été la femme confiante que vous voyez aujourd'hui. J'ai grandi avec des blessures profondes, des doutes constants. Je me faisais petite. Je restais en retrait. Je vivais avec cette sensation permanente de ne pas être assez.",
    "section": "prelia"
  }
},
{
  "model": "administration.siteconfig",
  "pk": 32,
  "fields": {
    "cle": "prelia_texte2",
    "valeur": "Un concours de beauté a tout changé. Pour la première fois, j'ai compris que parfois les autres voient en nous ce que nous ne sommes pas encore capables de voir nous-mêmes. C'est ce déclic qui m'a donné envie d'accompagner d'autres femmes vers leur propre révélation.",
    "section": "prelia"
  }
},
{
  "model": "administration.siteconfig",
  "pk": 33,
  "fields": {
    "cle": "prelia_certifications",
    "valeur": "Coach en Image certifiée|Styliste certifiée|Oratrice & leader certifiée|Experte en transformation Personnelle|Thérapeute du cœur certifiée|Coach Mind Education certifiée\n",
    "section": "prelia"
  }
},
{
  "model": "administration.siteconfig",
  "pk": 34,
  "fields": {
    "cle": "prelia_signature",
    "valeur": "Je ne crée pas des apparences. Je révèle des essences.",
    "section": "prelia"
  }
},
{
  "model": "administration.siteconfig",
  "pk": 35,
  "fields": {
    "cle": "formules_titre",
    "valeur": "Choisissez la formule qui correspond à votre transformation.",
    "section": "formules"
  }
},
{
  "model": "administration.siteconfig",
  "pk": 36,
  "fields": {
    "cle": "formules_intro",
    "valeur": "Toutes les formules incluent les 7 bonus exclusifs et l'accès au Club des Métamorphosées.",
    "section": "formules"
  }
},
{
  "model": "administration.siteconfig",
  "pk": 37,
  "fields": {
    "cle": "f1_label",
    "valeur": "Live · Groupe",
    "section": "formules"
  }
},
{
  "model": "administration.siteconfig",
  "pk": 38,
  "fields": {
    "cle": "f1_prix",
    "valeur": "65 000",
    "section": "formules"
  }
},
{
  "model": "administration.siteconfig",
  "pk": 39,
  "fields": {
    "cle": "f2_label",
    "valeur": "Live · Privé",
    "section": "formules"
  }
},
{
  "model": "administration.siteconfig",
  "pk": 40,
  "fields": {
    "cle": "f2_prix",
    "valeur": "150 000",
    "section": "formules"
  }
},
{
  "model": "administration.siteconfig",
  "pk": 41,
  "fields": {
    "cle": "f3_label",
    "valeur": "Présentiel · Groupe",
    "section": "formules"
  }
},
{
  "model": "administration.siteconfig",
  "pk": 42,
  "fields": {
    "cle": "f3_prix",
    "valeur": "250 000",
    "section": "formules"
  }
},
{
  "model": "administration.siteconfig",
  "pk": 43,
  "fields": {
    "cle": "f4_label",
    "valeur": "Présentiel · Privé",
    "section": "formules"
  }
},
{
  "model": "administration.siteconfig",
  "pk": 44,
  "fields": {
    "cle": "f4_prix",
    "valeur": "350 000",
    "section": "formules"
  }
},
{
  "model": "administration.siteconfig",
  "pk": 45,
  "fields": {
    "cle": "faq_titre",
    "valeur": "Vous vous posez peut-être ces questions…",
    "section": "faq"
  }
},
{
  "model": "administration.siteconfig",
  "pk": 46,
  "fields": {
    "cle": "faq_q1",
    "valeur": "À qui s'adresse Méta'Morph'Ose ?",
    "section": "faq"
  }
},
{
  "model": "administration.siteconfig",
  "pk": 47,
  "fields": {
    "cle": "faq_r1",
    "valeur": "Le programme s'adresse aux femmes qui veulent se libérer du regard des autres, renforcer leur confiance, aligner leur image avec leur identité et passer à l'action avec plus d'assurance.",
    "section": "faq"
  }
},
{
  "model": "administration.siteconfig",
  "pk": 48,
  "fields": {
    "cle": "faq_q2",
    "valeur": "Comment se déroule l'accompagnement ?",
    "section": "faq"
  }
},
{
  "model": "administration.siteconfig",
  "pk": 49,
  "fields": {
    "cle": "faq_r2",
    "valeur": "Le programme dure 8 semaines avec des sessions en direct, des exercices pratiques, des replays accessibles à tout moment et un groupe communautaire privé.",
    "section": "faq"
  }
},
{
  "model": "administration.siteconfig",
  "pk": 50,
  "fields": {
    "cle": "faq_q3",
    "valeur": "Est-ce fait pour moi si je manque de confiance ?",
    "section": "faq"
  }
},
{
  "model": "administration.siteconfig",
  "pk": 51,
  "fields": {
    "cle": "faq_r3",
    "valeur": "Oui. Méta'Morph'Ose a été conçu pour les femmes qui doutent encore d'elles-mêmes mais ressentent qu'il est temps de se révéler.",
    "section": "faq"
  }
},
{
  "model": "administration.siteconfig",
  "pk": 52,
  "fields": {
    "cle": "faq_q4",
    "valeur": "Vais-je seulement travailler mon image ?",
    "section": "faq"
  }
},
{
  "model": "administration.siteconfig",
  "pk": 53,
  "fields": {
    "cle": "faq_r4",
    "valeur": "Non. Le programme agit sur trois dimensions : transformation intérieure, image personnelle et passage à l'action concret.",
    "section": "faq"
  }
},
{
  "model": "administration.siteconfig",
  "pk": 54,
  "fields": {
    "cle": "faq_q5",
    "valeur": "Puis-je participer depuis un autre pays ?",
    "section": "faq"
  }
},
{
  "model": "administration.siteconfig",
  "pk": 55,
  "fields": {
    "cle": "faq_r5",
    "valeur": "Oui. Le format Live permet de participer depuis n'importe quel pays. Les replays sont disponibles pour revoir les contenus à votre rythme.",
    "section": "faq"
  }
},
{
  "model": "administration.siteconfig",
  "pk": 56,
  "fields": {
    "cle": "faq_q6",
    "valeur": "Puis-je payer en plusieurs fois ?",
    "section": "faq"
  }
},
{
  "model": "administration.siteconfig",
  "pk": 57,
  "fields": {
    "cle": "faq_r6",
    "valeur": "Contactez-nous directement via WhatsApp pour discuter des modalités de paiement adaptées à votre situation.",
    "section": "faq"
  }
},
{
  "model": "administration.siteconfig",
  "pk": 58,
  "fields": {
    "cle": "cta_titre",
    "valeur": "Et si votre transformation commençait aujourd'hui ?",
    "section": "cta"
  }
},
{
  "model": "administration.siteconfig",
  "pk": 59,
  "fields": {
    "cle": "cta_texte",
    "valeur": "Vous n'avez pas besoin de devenir une autre femme. Vous avez simplement besoin de révéler celle que vous êtes déjà.",
    "section": "cta"
  }
},
{
  "model": "administration.siteconfig",
  "pk": 60,
  "fields": {
    "cle": "cta_btn1",
    "valeur": "Je rejoins Méta'Morph'Ose",
    "section": "cta"
  }
},
{
  "model": "administration.siteconfig",
  "pk": 61,
  "fields": {
    "cle": "cta_btn2",
    "valeur": "Découvrir Méta'Morph'Ose",
    "section": "cta"
  }
},
{
  "model": "administration.siteconfig",
  "pk": 62,
  "fields": {
    "cle": "cta_phrase",
    "valeur": "Votre renaissance commence ici.",
    "section": "cta"
  }
},
{
  "model": "administration.siteconfig",
  "pk": 63,
  "fields": {
    "cle": "footer_email",
    "valeur": "whiteblackdress22@gmail.com",
    "section": "footer"
  }
},
{
  "model": "administration.siteconfig",
  "pk": 64,
  "fields": {
    "cle": "footer_tel1",
    "valeur": "+229 96 11 40 93",
    "section": "footer"
  }
},
{
  "model": "administration.siteconfig",
  "pk": 65,
  "fields": {
    "cle": "footer_tel2",
    "valeur": "+229 59 37 65 60",
    "section": "footer"
  }
},
{
  "model": "administration.siteconfig",
  "pk": 66,
  "fields": {
    "cle": "footer_signature",
    "valeur": "Je ne crée pas des apparences. Je révèle des essences.",
    "section": "footer"
  }
},
{
  "model": "administration.siteconfig",
  "pk": 67,
  "fields": {
    "cle": "aa_titre",
    "valeur": "En 8 semaines, passez de la peur à la puissance.",
    "section": "avant_apres"
  }
},
{
  "model": "administration.siteconfig",
  "pk": 68,
  "fields": {
    "cle": "aa_intro",
    "valeur": "Méta'Morph'Ose a été pensé pour produire une transformation visible, ressentie et incarnée. Voici ce que vivent les femmes qui osent.",
    "section": "avant_apres"
  }
},
{
  "model": "administration.siteconfig",
  "pk": 69,
  "fields": {
    "cle": "aa_avant1",
    "valeur": "Peur de vous montrer",
    "section": "avant_apres"
  }
},
{
  "model": "administration.siteconfig",
  "pk": 70,
  "fields": {
    "cle": "aa_apres1",
    "valeur": "Audace et confiance rayonnante",
    "section": "avant_apres"
  }
},
{
  "model": "administration.siteconfig",
  "pk": 71,
  "fields": {
    "cle": "aa_avant2",
    "valeur": "Blocages et doutes intérieurs",
    "section": "avant_apres"
  }
},
{
  "model": "administration.siteconfig",
  "pk": 72,
  "fields": {
    "cle": "aa_apres2",
    "valeur": "Clarté sur qui vous êtes vraiment",
    "section": "avant_apres"
  }
},
{
  "model": "administration.siteconfig",
  "pk": 73,
  "fields": {
    "cle": "aa_avant3",
    "valeur": "Culpabilité et poids du jugement",
    "section": "avant_apres"
  }
},
{
  "model": "administration.siteconfig",
  "pk": 74,
  "fields": {
    "cle": "aa_apres3",
    "valeur": "Liberté d'être pleinement vous-même",
    "section": "avant_apres"
  }
},
{
  "model": "administration.siteconfig",
  "pk": 75,
  "fields": {
    "cle": "aa_avant4",
    "valeur": "Image floue ou incohérente",
    "section": "avant_apres"
  }
},
{
  "model": "administration.siteconfig",
  "pk": 76,
  "fields": {
    "cle": "aa_apres4",
    "valeur": "Image alignée, affirmée et authentique",
    "section": "avant_apres"
  }
},
{
  "model": "administration.siteconfig",
  "pk": 77,
  "fields": {
    "cle": "aa_avant5",
    "valeur": "Hésitation et procrastination",
    "section": "avant_apres"
  }
},
{
  "model": "administration.siteconfig",
  "pk": 78,
  "fields": {
    "cle": "aa_apres5",
    "valeur": "Décisions concrètes et passage à l'action",
    "section": "avant_apres"
  }
},
{
  "model": "administration.siteconfig",
  "pk": 79,
  "fields": {
    "cle": "pq_titre",
    "valeur": "Ce programme est pour vous si…",
    "section": "pour_qui"
  }
},
{
  "model": "administration.siteconfig",
  "pk": 80,
  "fields": {
    "cle": "pq_items",
    "valeur": "Vous voulez enfin dépasser la peur du regard des autres|Vous sentez qu'il est temps de vous redécouvrir|Vous voulez renforcer votre confiance et votre estime de vous|Vous souhaitez aligner votre image avec la femme que vous êtes réellement|Vous cherchez un cadre structuré, humain et bienveillant|Vous êtes prête à vivre une vraie transformation",
    "section": "pour_qui"
  }
},
{
  "model": "administration.siteconfig",
  "pk": 81,
  "fields": {
    "cle": "pq_non_titre",
    "valeur": "Ce programme n'est pas pour vous si…",
    "section": "pour_qui"
  }
},
{
  "model": "administration.siteconfig",
  "pk": 82,
  "fields": {
    "cle": "pq_non_texte",
    "valeur": "Vous cherchez une solution miracle sans implication, si vous refusez tout travail intérieur ou si vous n'êtes pas prête à sortir de votre zone de confort.",
    "section": "pour_qui"
  }
},
{
  "model": "administration.siteconfig",
  "pk": 83,
  "fields": {
    "cle": "valeurs_titre",
    "valeur": "Une transformation portée par des valeurs fortes.",
    "section": "valeurs"
  }
},
{
  "model": "administration.siteconfig",
  "pk": 84,
  "fields": {
    "cle": "valeurs_intro",
    "valeur": "Au cœur de Méta'Morph'Ose, il y a bien plus qu'un programme. Il y a une vision, une mission et une manière d'accompagner.",
    "section": "valeurs"
  }
},
{
  "model": "administration.siteconfig",
  "pk": 85,
  "fields": {
    "cle": "valeurs_items",
    "valeur": "Authenticité:Être soi-même pleinement, sans compromis|Bienveillance:Évoluer dans un espace sûr, sans jugement|Excellence:Vivre une expérience structurée et transformatrice|Empowerment:Reprendre le pouvoir sur sa vie et ses choix|Spiritualité:Nourrir une transformation profonde et alignée|Transformation holistique:Agir sur l'intérieur, l'extérieur et l'action",
    "section": "valeurs"
  }
},
{
  "model": "administration.siteconfig",
  "pk": 86,
  "fields": {
    "cle": "temo_titre",
    "valeur": "Elles ont osé. Leur transformation parle d'elle-même.",
    "section": "temoignages"
  }
},
{
  "model": "administration.siteconfig",
  "pk": 87,
  "fields": {
    "cle": "temo_intro",
    "valeur": "Grâce au programme Métamorphose, j'ai brisé le cycle de l'hésitation pour devenir une femme d'action qui avance avec audace, guidée par sa foi et plus rien ne m'arrête !",
    "section": "temoignages"
  }
},
{
  "model": "administration.siteconfig",
  "pk": 88,
  "fields": {
    "cle": "diag_titre",
    "valeur": "Êtes-vous prête pour votre Méta'Morph'Ose ?",
    "section": "diagnostic"
  }
},
{
  "model": "administration.siteconfig",
  "pk": 89,
  "fields": {
    "cle": "diag_intro",
    "valeur": "6 questions pour savoir si vous êtes à l'étape d'une transformation profonde. Répondez honnêtement.",
    "section": "diagnostic"
  }
},
{
  "model": "administration.siteconfig",
  "pk": 90,
  "fields": {
    "cle": "diag_btn",
    "valeur": "Test Diagnostic",
    "section": "diagnostic"
  }
},
{
  "model": "administration.siteconfig",
  "pk": 91,
  "fields": {
    "cle": "photo_prelia",
    "valeur": "https://res.cloudinary.com/dp7v6vlgs/image/upload/v1776681323/metamorphose/photo_prelia.jpg",
    "section": "images"
  }
},
{
  "model": "administration.siteconfig",
  "pk": 92,
  "fields": {
    "cle": "logo_site",
    "valeur": "https://res.cloudinary.com/dp7v6vlgs/image/upload/v1776681273/metamorphose/logo_site.png",
    "section": "images"
  }
},
{
  "model": "administration.siteconfig",
  "pk": 93,
  "fields": {
    "cle": "logo_white_black",
    "valeur": "https://res.cloudinary.com/dp7v6vlgs/image/upload/v1776681283/metamorphose/logo_white_black.png",
    "section": "images"
  }
},
{
  "model": "administration.siteconfig",
  "pk": 94,
  "fields": {
    "cle": "image_hero",
    "valeur": "",
    "section": "hero"
  }
},
{
  "model": "administration.siteconfig",
  "pk": 95,
  "fields": {
    "cle": "favicon",
    "valeur": "https://res.cloudinary.com/dp7v6vlgs/image/upload/v1776681291/metamorphose/favicon.png",
    "section": "images"
  }
},
{
  "model": "administration.siteconfig",
  "pk": 96,
  "fields": {
    "cle": "vague_active",
    "valeur": "1",
    "section": "vague"
  }
},
{
  "model": "administration.siteconfig",
  "pk": 97,
  "fields": {
    "cle": "vague_places_total",
    "valeur": "20",
    "section": "vague"
  }
},
{
  "model": "administration.siteconfig",
  "pk": 98,
  "fields": {
    "cle": "vague_places_prises",
    "valeur": "17",
    "section": "vague"
  }
},
{
  "model": "administration.siteconfig",
  "pk": 99,
  "fields": {
    "cle": "vague_date_fermeture",
    "valeur": "2026-04-30",
    "section": "vague"
  }
},
{
  "model": "administration.siteconfig",
  "pk": 100,
  "fields": {
    "cle": "vague_nom",
    "valeur": "Vague Printemps 2026",
    "section": "vague"
  }
},
{
  "model": "administration.siteconfig",
  "pk": 101,
  "fields": {
    "cle": "stat_femmes",
    "valeur": "+100",
    "section": "stats_site"
  }
},
{
  "model": "administration.siteconfig",
  "pk": 102,
  "fields": {
    "cle": "stat_pays",
    "valeur": "+10",
    "section": "stats_site"
  }
},
{
  "model": "administration.siteconfig",
  "pk": 103,
  "fields": {
    "cle": "stat_semaines",
    "valeur": "8",
    "section": "stats_site"
  }
},
{
  "model": "administration.siteconfig",
  "pk": 104,
  "fields": {
    "cle": "stat_label1",
    "valeur": "femmes transformées",
    "section": "stats_site"
  }
},
{
  "model": "administration.siteconfig",
  "pk": 105,
  "fields": {
    "cle": "stat_label2",
    "valeur": "pays représentés",
    "section": "stats_site"
  }
},
{
  "model": "administration.siteconfig",
  "pk": 106,
  "fields": {
    "cle": "stat_label3",
    "valeur": "semaines d'accompagnement",
    "section": "stats_site"
  }
},
{
  "model": "administration.siteconfig",
  "pk": 107,
  "fields": {
    "cle": "whatsapp_numero",
    "valeur": "22901961140933",
    "section": "contact"
  }
},
{
  "model": "administration.siteconfig",
  "pk": 108,
  "fields": {
    "cle": "whatsapp_message",
    "valeur": "Bonjour Prélia, je suis intéressée par le programme Méta'Morph'Ose.",
    "section": "contact"
  }
},
{
  "model": "administration.siteconfig",
  "pk": 109,
  "fields": {
    "cle": "slide_1",
    "valeur": "",
    "section": "images"
  }
},
{
  "model": "administration.siteconfig",
  "pk": 110,
  "fields": {
    "cle": "slide_2",
    "valeur": "",
    "section": "hero"
  }
},
{
  "model": "administration.siteconfig",
  "pk": 111,
  "fields": {
    "cle": "slide_3",
    "valeur": "",
    "section": "hero"
  }
},
{
  "model": "administration.siteconfig",
  "pk": 112,
  "fields": {
    "cle": "slide_4",
    "valeur": "",
    "section": "hero"
  }
},
{
  "model": "administration.siteconfig",
  "pk": 113,
  "fields": {
    "cle": "slide_5",
    "valeur": "",
    "section": "hero"
  }
},
{
  "model": "administration.siteconfig",
  "pk": 114,
  "fields": {
    "cle": "res_section_titre",
    "valeur": "Deux cadeaux pour commencer votre transformation dès maintenant",
    "section": "ressources"
  }
},
{
  "model": "administration.siteconfig",
  "pk": 115,
  "fields": {
    "cle": "res_section_desc",
    "valeur": "Une chanson pour réveiller votre âme. Un guide pour reprendre le contrôle de votre temps. Deux outils puissants, offerts gratuitement.",
    "section": "ressources"
  }
},
{
  "model": "administration.siteconfig",
  "pk": 116,
  "fields": {
    "cle": "res_citation_finale",
    "valeur": "Ta transformation ne dépend pas du temps... mais de ce que tu en fais.",
    "section": "ressources"
  }
},
{
  "model": "administration.siteconfig",
  "pk": 117,
  "fields": {
    "cle": "res_chanson_titre",
    "valeur": "Métamorphose",
    "section": "ressources"
  }
},
{
  "model": "administration.siteconfig",
  "pk": 118,
  "fields": {
    "cle": "res_chanson_artiste",
    "valeur": "Prélia Apedo",
    "section": "ressources"
  }
},
{
  "model": "administration.siteconfig",
  "pk": 119,
  "fields": {
    "cle": "res_chanson_desc",
    "valeur": "Je ne l'ai pas écrite pour distraire... je l'ai écrite pour réveiller, pour toucher ton âme, pour te rappeler qui tu es vraiment.",
    "section": "ressources"
  }
},
{
  "model": "administration.siteconfig",
  "pk": 120,
  "fields": {
    "cle": "res_guide_titre",
    "valeur": "Méthode Eisenhower",
    "section": "ressources"
  }
},
{
  "model": "administration.siteconfig",
  "pk": 121,
  "fields": {
    "cle": "res_guide_sous",
    "valeur": "Pour les femmes ambitieuses",
    "section": "ressources"
  }
},
{
  "model": "administration.siteconfig",
  "pk": 122,
  "fields": {
    "cle": "res_guide_desc",
    "valeur": "Parce qu'une femme qui veut évoluer doit apprendre à reprendre le contrôle de son temps.",
    "section": "ressources"
  }
},
{
  "model": "administration.siteconfig",
  "pk": 123,
  "fields": {
    "cle": "res_guide_point1",
    "valeur": "Prioriser ce qui compte vraiment",
    "section": "ressources"
  }
},
{
  "model": "administration.siteconfig",
  "pk": 124,
  "fields": {
    "cle": "res_guide_point2",
    "valeur": "Sortir de la procrastination",
    "section": "ressources"
  }
},
{
  "model": "administration.siteconfig",
  "pk": 125,
  "fields": {
    "cle": "res_guide_point3",
    "valeur": "Passer à l'action avec discipline",
    "section": "ressources"
  }
},
{
  "model": "administration.siteconfig",
  "pk": 126,
  "fields": {
    "cle": "res_audio_url",
    "valeur": "/metamorphose.mp3",
    "section": "ressources"
  }
},
{
  "model": "administration.siteconfig",
  "pk": 127,
  "fields": {
    "cle": "res_pdf_url",
    "valeur": "/guide-eisenhower.pdf",
    "section": "ressources"
  }
},
{
  "model": "administration.siteconfig",
  "pk": 128,
  "fields": {
    "cle": "maintenance_active",
    "valeur": "0",
    "section": "systeme"
  }
},
{
  "model": "administration.siteconfig",
  "pk": 129,
  "fields": {
    "cle": "maintenance_message",
    "valeur": "Le site est en maintenance. Revenez bientôt.",
    "section": "systeme"
  }
},
{
  "model": "administration.siteconfig",
  "pk": 130,
  "fields": {
    "cle": "live_actif",
    "valeur": "1",
    "section": "live"
  }
},
{
  "model": "administration.siteconfig",
  "pk": 131,
  "fields": {
    "cle": "live_room_name",
    "valeur": "masterclass-1776109557873",
    "section": "live"
  }
},
{
  "model": "administration.siteconfig",
  "pk": 132,
  "fields": {
    "cle": "stat_satisfaction",
    "valeur": "98%",
    "section": "stats_site"
  }
},
{
  "model": "administration.siteconfig",
  "pk": 133,
  "fields": {
    "cle": "Témoignage ",
    "valeur": "100+",
    "section": "stats_site"
  }
},
{
  "model": "administration.siteconfig",
  "pk": 134,
  "fields": {
    "cle": "stat_label4",
    "valeur": "",
    "section": "stats_site"
  }
},
{
  "model": "administration.siteconfig",
  "pk": 135,
  "fields": {
    "cle": "masterclass_temo_photo_1",
    "valeur": "https://res.cloudinary.com/dp7v6vlgs/image/upload/v1777132604/metamorphose/masterclass_temo_photo_1.jpg",
    "section": "images"
  }
},
{
  "model": "administration.siteconfig",
  "pk": 136,
  "fields": {
    "cle": "brunch_whatsapp_groupe",
    "valeur": "https://chat.whatsapp.com/D2kH7XoDJm74Zzs6OHyX9f?mode=gi_t",
    "section": "brunch"
  }
},
{
  "model": "administration.listeattente",
  "pk": 1,
  "fields": {
    "email": "karimou50786127@gmai.com",
    "prenom": "Mubarack",
    "date": "2026-04-02T19:12:00.246Z",
    "notifie": false
  }
},
{
  "model": "administration.partenaire",
  "pk": 2,
  "fields": {
    "nom": "XoboEvent",
    "logo": "https://res.cloudinary.com/dp7v6vlgs/image/upload/v1776681531/aeg5vbvdjrze8mhrzn97.jpg",
    "lien": "",
    "ordre": 1,
    "actif": true,
    "date": "2026-04-12T10:12:55.033Z"
  }
},
{
  "model": "cadeaux.cartescadeaux",
  "pk": 1,
  "fields": {
    "code": "MMO-7UKN5LAJ",
    "formule": "F3",
    "acheteur_nom": "BITOCHO",
    "acheteur_email": "mourchidkarimou4@gmail.com",
    "acheteur_tel": "+22952926779",
    "destinataire_nom": "Mourchid",
    "destinataire_email": "",
    "occasion": "Simplement par amour",
    "message_perso": "",
    "statut": "utilisee",
    "date_creation": "2026-03-31T14:09:13.833Z",
    "date_expiration": "2027-03-31",
    "date_utilisation": "2026-03-31T14:10:22.709Z",
    "utilisee_par": ""
  }
},
{
  "model": "cadeaux.cartescadeaux",
  "pk": 2,
  "fields": {
    "code": "MMO-6SS2SADN",
    "formule": "F1",
    "acheteur_nom": "mourchid",
    "acheteur_email": "mourchidkarimou4@gmail.com",
    "acheteur_tel": "+22952926779",
    "destinataire_nom": "mama",
    "destinataire_email": "",
    "occasion": "Anniversaire",
    "message_perso": "hbd",
    "statut": "payee",
    "date_creation": "2026-03-31T14:49:38.660Z",
    "date_expiration": "2027-03-31",
    "date_utilisation": null,
    "utilisee_par": ""
  }
},
{
  "model": "avis.temoignage",
  "pk": 12,
  "fields": {
    "user": null,
    "prenom": "INÈS",
    "pays": "GUINÉE",
    "formule": "",
    "type_temo": "texte",
    "texte": "📝 *AVANT LA PHASE META DU PROGRAMME METAMORPHOSE* \r\n\r\nJ´hésitais toujours pour aller de l´avant,  pour sortir de l´ombre, pour avancer....\r\nJe me disais toujours que je ne suis pas prête,  il me faut encore tel ou tel trucs pour avancer,  pour passer à l´acte...\r\n\r\n\r\n📝 *APRES LA PHASE META DU PROGRAMME METAMORPHOSE* \r\n\r\nJe n´attends plus rien pour avancer,  j´avance ou j´avance😄😉. Plus rien ne m´arrête,  plus rien ne me freine.\r\nJ'attends,  j´écoute juste l´approbation du Seigneur et je me jette à l´eau.\r\n\r\nMême là,  je n'attends pas l´approbation du Seigneur les bras croisés.  J´avance, je prends des risques tout en me remettant à lui à tout moment afin qu´Il guide mes pas et qu´Il m´oriente",
    "note": 5,
    "video_url": "",
    "video_fichier": null,
    "audio_fichier": null,
    "photo_avant": null,
    "photo_apres": null,
    "statut": "approuve",
    "en_vedette": false,
    "date": "2026-04-20T08:56:58.682Z"
  }
},
{
  "model": "avis.temoignage",
  "pk": 13,
  "fields": {
    "user": null,
    "prenom": "MARIE",
    "pays": "BURKINA-FASO",
    "formule": "",
    "type_temo": "texte",
    "texte": "Mon retour sur la phase metha\r\n\r\n📝 AVANT LA PHASE META DU PROGRAMME METAMORPHOSE\r\n(sauter 2 lignes)\r\n\r\n➡️ Avant la phase metha:\r\n- je n'avais pas confiance en moi même\r\n- j'avais peur du jugement des autres\r\n- Je cherchais toujours l'approbation des autres dans tout ce que je fais\r\n- Je doutais de mes capacités\r\n- je proscrastinais beaucoup\r\n- Je me culpabilisais trop \r\n- j'étais complexé\r\n- je ne planifiais pas mes actions selon les priorités \r\n- je manquais d'audace\r\n\r\n\r\n📝 APRES LA PHASE META DU PROGRAMME METAMORPHOSE\r\n(sauter 2 lignes)\r\n\r\n➡️ Après la phase metha, je réalise:\r\n- que je suis une belle créature divine\r\n- que Dieu m'a créer pour une mission pour laquelle je n'ai pas droit de faillir\r\n- que Dieu m'aime tel que je suis et qu'il répond toujours à mon appel\r\n- que j'ai pleins de potentiels, j'ai tout ce qu'il faut pour vivre une vie pleine et épanouie\r\n- je n'ai plus peur du jugement des autres\r\n- je fais tout ce qui me plaît en concordance avec ma foi\r\n- je dégage maintenant beaucoup d'énergies\r\n- je planifie mes actions quotidiennes selon mes priorités et je m'efforce à les respecter\r\n- je suis libre et je ne perds plus mon temps pour des futilités\r\n- je suis fière de la personne que je suis et de tous ce que j'ai\r\n- je suis déterminée à atteindre mes objectifs\r\n- j'ai pris Autorité sur ma vie et pour l'instant, j'ai fermé le portail de mon coeur..je ne vais l'ouvrir qu'à celui où celle qui le mérite.",
    "note": 5,
    "video_url": "",
    "video_fichier": null,
    "audio_fichier": null,
    "photo_avant": null,
    "photo_apres": null,
    "statut": "approuve",
    "en_vedette": false,
    "date": "2026-04-20T08:58:09.873Z"
  }
},
{
  "model": "avis.temoignage",
  "pk": 15,
  "fields": {
    "user": null,
    "prenom": "AGNÈS",
    "pays": "SÉNÉGAL 🇸🇳",
    "formule": "",
    "type_temo": "texte",
    "texte": "MON RETOUR PAR RAPPORT A LA PHASE META\r\n\r\n📝 AVANT LA PHASE META DU PROGRAMME METAMORPHOSE\r\n\r\n\r\n➡️ Avant la phase meta, j'étais à la quête de ma véritable identité, je sentais au fond de moi qu'il y avait quelque chose qui me manquait mais que je n'arriverai pas à décrire.\r\nJ'étais trop dans la victimisation, dans les plaines, les doutes, les peurs.je manquait gravement confiance en moi, je manquais également de discipline et je procrastinais bcp et j'attendais toujours l'approbation des autres.\r\n\r\n📝 APRES LA PHASE META DU PROGRAMME METAMORPHOSE\r\n\r\n\r\n➡️ Après la phase meta, je réalise et accepte enfin ma véritable identité celle d'enfant de Dieu capable de toute chose par Christ qui me fortifie.\r\nJ'ai commencé à travailler sur ma discipline, j'ai réduit le Scroll sur les réseaux sociaux en le remplaçant par la lecture, j'arrive à lire plus de 100 pages par jour,ce qui n'était pas le cas avant.\r\nJe me suis également rapprochée de mon Dieu  par la prière, la louange et l'adoration.\r\nJe commence à regagner confiance en moi et je procrastine moins.\r\nJe réalise aussi que je dois agir malgré la peur  etc...\r\n\r\nJe rends grâce à Dieu pour ce parcours réalisé et crois que le meilleur reste à venir.\r\n\r\nMerci Coach Prélia, pour ton engagement envers les femmes, envers nous les métamorphosées qui sont bénies en toi.\r\nQue votre coupe continue de déborder au Nom de Jésus 🙏🙏🙏",
    "note": 5,
    "video_url": "",
    "video_fichier": null,
    "audio_fichier": null,
    "photo_avant": null,
    "photo_apres": null,
    "statut": "approuve",
    "en_vedette": false,
    "date": "2026-04-20T09:03:16.905Z"
  }
},
{
  "model": "avis.temoignage",
  "pk": 16,
  "fields": {
    "user": null,
    "prenom": "Caroline",
    "pays": "BÉNIN 🇧🇯",
    "formule": "",
    "type_temo": "texte",
    "texte": "Mon retour sur la phase meta\r\n\r\n📝 AVANT LA PHASE META DU PROGRAMME METAMORPHOSE\r\n\r\n➡️ Avant la phase meta.\r\n\r\nJ'étais frustrée , renfermée sur moi même,rejetant le tord sur les autres, aigri. Je manque de confiance en soi, j'avais constamment peur de tout,le regard des autres,le quand dira t-on. Je passais tout mon temps à plaire aux gens surtout ma belle famille mais j'étais toujours remercier en monnaie de singe, pas de reconnaissance plutôt des humiliations.\r\n\r\n\r\n\r\n📝 APRES LA PHASE META DU PROGRAMME METAMORPHOSE\r\n\r\n\r\n➡️ Après la phase meta,\r\n j'ai commencé à réaliser que je n'avais pas besoin de faire tout cela pour être bien vu ou pour être appréciée. Je sens un changement en moi à commencer par manière de penser. Mais il me faut d'abord quitter cet environnement de belle famille pour connaître un vrai changement. Mais déjà je m'y prends avec courage et détermination pour affronter certains interdits,briser certaines barrières pour me faire respecter car j'ai une dignité et une identité à défendre. Avec l'aide de mon Dieu j'y arriverai 🙏\r\n\r\nUn sincère remerciement à ma coach adorée pour tous ces enseignements qui nous édifient et nous faire prendre conscience de notre identité en Dieu et de reconnaître notre valeur.",
    "note": 5,
    "video_url": "",
    "video_fichier": null,
    "audio_fichier": null,
    "photo_avant": null,
    "photo_apres": null,
    "statut": "approuve",
    "en_vedette": false,
    "date": "2026-04-20T09:05:29.255Z"
  }
},
{
  "model": "avis.temoignage",
  "pk": 17,
  "fields": {
    "user": null,
    "prenom": "Esther",
    "pays": "BURKINA-FASO🇹🇬",
    "formule": "",
    "type_temo": "texte",
    "texte": "📝 AVANT LA PHASE META DU PROGRAMME METAMORPHOSE\r\n\r\nAvant la phase Meta j' étais renfermé en moi je pensais que tous été fini pour moi et je pensais que tous étais contre moi je comprenais  pas certaine chose de la vie je critiquai beaucoup dans mes dispute que je menais avec les autres  je cherche à ce que je soit écoute avant toute chose je donnais de l'amour en route sans avoir le retour de ce amour je me critiquais et ne m'aime pas ( je juge ma beauté et mon apparence ) je pense que il faut beaucoup\r\nd'argent pour ce célèbre  dans  la vie et pour couronner tous le faite d'être en famille m'empêche beaucoup es un obstacle \r\n\r\n\r\n📝 APRES LA PHASE META DU PROGRAMME METAMORPHOSE\r\n\r\nMais Après la phase Meta j'ai compris que je dois plus être renfermé sur moi  je doit être libre d'esprit me choisir me valorise   m'aime et m'apprécie me célèbre et ne plus critiquer les gens écoute sans répondre au provocation, donne du peux d'amour autre  mes donne plus ce amour a soit mm et surtout mètre Dieu avant tous dans  tous ce que nous faisons je commence par voir un changement dans ce programme mes pour  bien vivre ce programme a fond il faut être libre d'esprit et indépendant de tous et de rien car ce programme ma fait comprendre beaucoup de chose et je tenais a dire merci a la coach pour son amour et son dévouement au programmer métamorphosée mille mercis a elle 🙏🙏🙏🙏😘😘😘😘🥰🥰🥰🥰🙏🙏🙏",
    "note": 5,
    "video_url": "",
    "video_fichier": null,
    "audio_fichier": null,
    "photo_avant": null,
    "photo_apres": null,
    "statut": "approuve",
    "en_vedette": false,
    "date": "2026-04-20T09:08:42.281Z"
  }
},
{
  "model": "avis.temoignage",
  "pk": 18,
  "fields": {
    "user": null,
    "prenom": "Elisabeth",
    "pays": "Côte-d’Ivoire",
    "formule": "",
    "type_temo": "texte",
    "texte": "AVANT LA PHASE META DU PROGRAMME METAMORPHOSE\r\n\r\nJuste après la séance de la phase de consécration j'étais encore septique je doutais, je me posais la question si s'était encore possible pour moi de sortie de ma situation de femme qui s'est oubliée dans le tumulte  du monde.\r\nAprès cette séance j'ai renouvelée mon alliance avec mon Dieu, je suis la bien-aimé e de Dieu et je ne dois pas me laisser sombrer par les tumultes du monde.\r\n J'ai un Dieu Puissant, un Dieu d'amour, un Dieu fidèle, qui veille à mon épanouissement.\r\n\r\nEn effet, je dois être reconnaissante en ayant la force de prendre ma vie en main et vivre pleinement pour réjouir le cœur de mon Dieu.\r\nMaintenant, j'ai fini par me choisir et de ne plus m'offenser. Car en m'offensant, j'offense mon   Dieu qui vie en moi.\r\nJe sors de la dépendance affective désormais, je me libère de toutes chaines et de toutes oppressions (regards, rejets des autres) et je reconnais l'être merveilleuse que je suis.\r\n\r\nLa phase méta m'a permis de mettre l'accent sur mon essence j'ai retrouvé mon vrai moi et la vrai Elisabeth.\r\n Je suis dans une phase de transmutation. Je passe de mon ancienne version à ma nouvelle version.\r\nJe vais vivre l'instant présent qui est un cadeau pour moi aujourd'hui et laisser Dieu s'en charger de mon future, je ne veux plus rien contrôler.\r\n\r\nMerci au coach Prélia et toute son équipe qui veillent nous aider dans ce processus de transmutation.",
    "note": 5,
    "video_url": "",
    "video_fichier": null,
    "audio_fichier": null,
    "photo_avant": null,
    "photo_apres": null,
    "statut": "approuve",
    "en_vedette": false,
    "date": "2026-04-20T09:15:56.391Z"
  }
},
{
  "model": "avis.temoignage",
  "pk": 19,
  "fields": {
    "user": null,
    "prenom": "NADIA",
    "pays": "GUINÉE",
    "formule": "",
    "type_temo": "texte",
    "texte": "Mon retour sur la phase Méta\r\n\r\n➡️ Avant la phase Méta.\r\n\r\nJe dirais que la formation est pour moi un renforcement et rappel de ce que je devais faire depuis.\r\nJe suis restée à hésiter \r\nJ'ai compris qu'il reste quelques blessures intérieur sur lesquelles je dois travailler.\r\nPour une pleine guérison de mon moi intérieur.\r\nEt de mon essence.\r\n\r\n\r\n➡️ Après la phase Méta, je réalise, pour éclosion de mon identité , de mon essence j'ai besoin d'un environnement propice pour y arriver d'où la nécessité pour moi de me donner ce environnement. \r\nJe continue la formation pour d'autres découverte et confirmations de ce que le créateur, mon potier à mis en moi.\r\n\r\nMerci infiniment à vous Madame pour ce beau travail.\r\nSoyez bénie",
    "note": 5,
    "video_url": "",
    "video_fichier": null,
    "audio_fichier": null,
    "photo_avant": null,
    "photo_apres": null,
    "statut": "approuve",
    "en_vedette": true,
    "date": "2026-04-20T09:22:26.321Z"
  }
},
{
  "model": "avis.temoignage",
  "pk": 20,
  "fields": {
    "user": null,
    "prenom": "DAHYANE",
    "pays": "BÉNIN",
    "formule": "",
    "type_temo": "video",
    "texte": "",
    "note": 5,
    "video_url": "",
    "video_fichier": "video/upload/v1776677250/metamorphose/temoignages/videos/xokxa6n4bbgchvpwjgir.mp4",
    "audio_fichier": null,
    "photo_avant": null,
    "photo_apres": null,
    "statut": "approuve",
    "en_vedette": false,
    "date": "2026-04-20T09:27:28.418Z"
  }
},
{
  "model": "avis.temoignage",
  "pk": 21,
  "fields": {
    "user": null,
    "prenom": "LYDIE",
    "pays": "BÉNIN",
    "formule": "",
    "type_temo": "video",
    "texte": "",
    "note": 5,
    "video_url": "",
    "video_fichier": "video/upload/v1776677672/metamorphose/temoignages/videos/jxgebjflfpkkvmoiutux.mp4",
    "audio_fichier": null,
    "photo_avant": null,
    "photo_apres": null,
    "statut": "approuve",
    "en_vedette": true,
    "date": "2026-04-20T09:34:31.315Z"
  }
},
{
  "model": "avis.temoignage",
  "pk": 22,
  "fields": {
    "user": null,
    "prenom": "GWLADYS",
    "pays": "BÉNIN",
    "formule": "",
    "type_temo": "video",
    "texte": "",
    "note": 5,
    "video_url": "",
    "video_fichier": "video/upload/v1776677864/metamorphose/temoignages/videos/kn4nax661mtel45zxal5.mp4",
    "audio_fichier": null,
    "photo_avant": null,
    "photo_apres": null,
    "statut": "approuve",
    "en_vedette": true,
    "date": "2026-04-20T09:37:41.022Z"
  }
},
{
  "model": "avis.temoignage",
  "pk": 23,
  "fields": {
    "user": null,
    "prenom": "CATHERINE",
    "pays": "BURKINA-FASO",
    "formule": "",
    "type_temo": "video",
    "texte": "",
    "note": 5,
    "video_url": "",
    "video_fichier": "video/upload/v1776677977/metamorphose/temoignages/videos/wpibjjvgyrj3upzpv6uy.mp4",
    "audio_fichier": null,
    "photo_avant": null,
    "photo_apres": null,
    "statut": "approuve",
    "en_vedette": true,
    "date": "2026-04-20T09:39:36.109Z"
  }
},
{
  "model": "avis.temoignage",
  "pk": 24,
  "fields": {
    "user": null,
    "prenom": "CORINE",
    "pays": "CAMEROUNE",
    "formule": "",
    "type_temo": "video",
    "texte": "",
    "note": 5,
    "video_url": "",
    "video_fichier": "video/upload/v1776678189/metamorphose/temoignages/videos/n9iw4lwlz0czctstjg5i.mp4",
    "audio_fichier": null,
    "photo_avant": null,
    "photo_apres": null,
    "statut": "approuve",
    "en_vedette": true,
    "date": "2026-04-20T09:43:07.037Z"
  }
},
{
  "model": "avis.temoignage",
  "pk": 25,
  "fields": {
    "user": null,
    "prenom": "YOLANDE",
    "pays": "TOGO",
    "formule": "",
    "type_temo": "video",
    "texte": "",
    "note": 5,
    "video_url": "",
    "video_fichier": "video/upload/v1776678450/metamorphose/temoignages/videos/p7j58ccc4ubdzdgthfdv.mp4",
    "audio_fichier": null,
    "photo_avant": null,
    "photo_apres": null,
    "statut": "approuve",
    "en_vedette": true,
    "date": "2026-04-20T09:47:27.412Z"
  }
},
{
  "model": "avis.temoignage",
  "pk": 26,
  "fields": {
    "user": null,
    "prenom": "JODÈLE",
    "pays": "CAMEROUN",
    "formule": "",
    "type_temo": "video",
    "texte": "",
    "note": 5,
    "video_url": "",
    "video_fichier": "video/upload/v1776678571/metamorphose/temoignages/videos/nqktdlbv1lzz6gjcymqb.mp4",
    "audio_fichier": null,
    "photo_avant": null,
    "photo_apres": null,
    "statut": "approuve",
    "en_vedette": true,
    "date": "2026-04-20T09:49:29.910Z"
  }
},
{
  "model": "avis.temoignage",
  "pk": 27,
  "fields": {
    "user": null,
    "prenom": "AMINATA",
    "pays": "BURKINA-FASO",
    "formule": "",
    "type_temo": "video",
    "texte": "",
    "note": 5,
    "video_url": "",
    "video_fichier": "video/upload/v1776678736/metamorphose/temoignages/videos/s1nsej6ldhbxomwehzww.mp4",
    "audio_fichier": null,
    "photo_avant": null,
    "photo_apres": null,
    "statut": "approuve",
    "en_vedette": true,
    "date": "2026-04-20T09:52:15.317Z"
  }
},
{
  "model": "avis.temoignage",
  "pk": 31,
  "fields": {
    "user": null,
    "prenom": "DANIELLA",
    "pays": "CAMEROUN",
    "formule": "",
    "type_temo": "texte",
    "texte": "🥰🙏🏾\r\n*AVANT LA PHASE META DU PROGRAMME MÉTAMORPHOSE*\r\n\r\nJe me voyais comme une déception; comme une femme qui avait tout perdu et cela a développé des sentiments négatifs tels que: la comparaison, l’envie, le découragement, la déception. Mon estime de soi a pris un coup si bien que je n’osais plus me mettre en avant à cause de la honte. Des groupes professionnels je suis sortie, au travail je me faisais toute petite. J’avais peur du regard et des avis des autres, peur de l’échec , peur d’exister, peur de m’affirmer!\r\n\r\n*APRÈS LA PHASE META DU PROGRAMME MÉTAMORPHOSE*\r\n\r\nJe regagne peu à peu mon estime de soi, je réapprend à m’aimer sainement et à me voir telle que le Seigneur me voit! \r\n\r\n*J’ai pris conscience de ce que :*\r\n\r\n-L’amour de Dieu ne dépend pas de notre façon de nous comporter il nous aime peu importe notre état.\r\n-J’ai de la valeur au yeux de Dieu.\r\n-Je ne suis pas définis par mes erreurs ni par mon passé.\r\n-J’ai le droit d’exister, de m’affirmer.\r\n-Je suis une créature merveilleuse.\r\n-Je mérite toutes les bonnes choses qui puissent exister sur cette terre.\r\n-Je suis une femme forte, courageuse, belle, intelligente et je peux tout accomplir par celui qui me fortifie tant que je passe à l’action…\r\n\r\n*Ce que je comprends désormais est que :*\r\n\r\nJe dois faire attention à moi, à mes actes, les paroles, ma vie tout entière; ce qui est entrain de vraiment changer en moi c’est ma vision de la vie. Il faut veiller à rester sous la volonté de Dieu, travailler durement pour accomplir ses rêves par sa grâce! Il faut être une femme alignée avec ses valeurs même dans le secret, dans notre attitude, notre façon d’être il faut être une femme digne pour la gloire de Dieu🙏🏾 \r\nAujourd’hui encore je béni l’Eternel car au fond de moi j’ai un sentiment très positif quant à ma transformation 🥰🥰🥰🥰.",
    "note": 5,
    "video_url": "",
    "video_fichier": null,
    "audio_fichier": null,
    "photo_avant": "image/upload/v1776680938/metamorphose/temoignages/avant/iqttwvawq1xmzxep50u8.jpg",
    "photo_apres": null,
    "statut": "approuve",
    "en_vedette": true,
    "date": "2026-04-20T10:28:58.310Z"
  }
}
]
